date,category,rank,asin,title,price,rating,review_count
2026-08-20,Bestsellers in Men's Clothing,1,B06Y2FG6R7,"Allen Solly Men’s Polo T‑Shirt | Comfortable Rich Cotton Blend, Band Collar, Regular Fit | Stylish & Premium All Day Wear",₹699.00,4.1 out of 5 stars,"82,375"
2026-08-20,Bestsellers in Men's Clothing,2,B07MZG27XK,Amazon Brand - Symbol Men's Cotton Rich Solid Polo Tshirt | Collar Tshirts | Half Sleeves | Plain-Regular Fit (Available in Plus Sizes and Combo Pack of 2),₹399.00,3.9 out of 5 stars,"39,788"
2026-08-20,Bestsellers in Men's Clothing,3,B0DGX12XXV,"SWAGR 12 Pairs Sports Cotton Ankle Length Socks for Men, Pack of 12., Assorted",₹196.99,4.1 out of 5 stars,"7,371"
2026-08-20,Bestsellers in Men's Clothing,4,B012SX56OG,Jockey IC28 Men Tactel Microfiber Elastane Stretch Solid Trunk with Moisture Move Properties,₹629.00,4.4 out of 5 stars,"14,083"
2026-08-20,Bestsellers in Men's Clothing,5,B0CJFQWSYZ,Jockey 8009 Men Super Combed Cotton Solid Long Trunk Boxer Brief(Pack of 3),₹820.00,4.2 out of 5 stars,"4,174"
2026-08-20,Bestsellers in Men's Clothing,6,B076CMJXML,Van Heusen Men's Cotton Solid Regular Fit Collar Polo T-Shirt,₹699.00,4.0 out of 5 stars,"45,135"
2026-08-20,Bestsellers in Men's Clothing,7,B014213DS8,Jockey 8037 Men Super Combed Cotton Solid Brief with Ultrasoft Waistband_(Pack of 2),₹398.00,4.3 out of 5 stars,"14,888"
2026-08-20,Bestsellers in Men's Clothing,8,B0DWK2B887,KOTTY Mens Regular Fit|Classic Design with Stylish Look |Day Comfort|Mide Rise Strachable Jeans,₹520.00,3.7 out of 5 stars,"2,555"
2026-08-20,Bestsellers in Men's Clothing,9,B0D4VQ5NDD,Louis Philippe Men's Slim Fit Single-Tuck Pique Stylized Sleeve Print and Contrast Tipping Half Sleeve Solid Cotton Polo Tshirt,₹869.00,4.0 out of 5 stars,"1,617"
2026-08-20,Bestsellers in Men's Clothing,10,B00W04OTYM,Jockey 8820 Men's Super Combed Cotton Round Neck Sleeveless Vest with Extended Length for Easy Tuck (Pack of 3),₹647.00,4.3 out of 5 stars,"12,783"
2026-08-20,Bestsellers in Men's Clothing,11,B071KKRY5N,Lux Cozi Men's White Round Neck Sleeveless Cotton Vest (Pack of 3),₹349.00,4.2 out of 5 stars,"14,392"
2026-08-20,Bestsellers in Men's Clothing,12,B073WCC5YL,Van Heusen Men’s Cotton Boxer Briefs Pack of 2 | Long Trunk | No ride-up | Super Combed Cotton for softness | Open Front Fly | Moisture‑Wicking | Sweat Absorbant | All‑Day Fresh Technology | Long Lasting Colors |Soft Plush Waistband | Label‑Free Comfort | style 10032,₹487.00,4.1 out of 5 stars,"17,550"
2026-08-20,Bestsellers in Men's Clothing,13,B0FBWMFNLC,"DAMENSCH Form Shapewear for Men, Comfortable and Stretchy Body Shaper for Man, Posture Correcting Tummy Tucker, Breathable Gynecomastia Compression T Shirt, Ideal for Parties Shirt Tucker for Men",₹979.00,3.5 out of 5 stars,654
2026-08-20,Bestsellers in Men's Clothing,14,B0DHXJT8HR,"ROYALSCOUT Men's Cotton Polyester Blend Solid Regular Fit Full Sleeve Short Kurta | Ethnic, Lightweight Summer Kurta for Daily & Occasion Use",₹495.00,4.0 out of 5 stars,"3,136"
2026-08-20,Bestsellers in Men's Clothing,15,B0F4NGRKY4,DEELMO Men's Casual Button Down Shirts Long Sleeve Linen Shirt Fashion Textured Beach Summer Shirt,₹495.00,4.0 out of 5 stars,"1,255"
2026-08-20,Bestsellers in Men's Clothing,16,B07X63HHPH,Levi's 010 Classic Boxer Briefs for Men | 100% Pure Cotton | Breathable | Branded Inner Elastic | Anti-Roll Waistband | Supportive Gusset | Functional Fly | No Ride-Up Long Length Fit | Pack of 2,₹440.00,4.1 out of 5 stars,"12,553"
2026-08-20,Bestsellers in Men's Clothing,17,B09XMV6125,Peter England Men's Regular Fit Insignia Half Sleeve Polo T-Shirt | Cotton Rich | Premium Pique Weave,₹648.00,4.0 out of 5 stars,"4,186"
2026-08-20,Bestsellers in Men's Clothing,18,B0BWPGC2PR,"SWAGR Ankle Socks for Men & Women, Multicolor, Pack of 5, Free Size",₹115.00,3.9 out of 5 stars,"5,669"
2026-08-20,Bestsellers in Men's Clothing,19,B0DB5FHWGV,Mehrang Men's Stretchable Stretchable Formal Pant Trousers | Stylish Slim Fit Men's Wear Trousers for Office or Party | Polycotton Knitted Fabric,₹299.00,3.5 out of 5 stars,"2,763"
2026-08-20,Bestsellers in Men's Clothing,20,B0CVXR2T43,Lux Cozi Men's Half Sleeve Soild Casual Regular Fit T-Shirt with Chest Pocket | Polo Tshirt for Men,₹395.00,3.9 out of 5 stars,"3,834"
2026-08-20,Bestsellers in Men's Clothing,21,B08R8X6QB2,Peter England Men Cotton Ankle Length Socks,₹295.00,4.0 out of 5 stars,"4,699"
2026-08-20,Bestsellers in Men's Clothing,22,B0CBX4JKQ9,U TURN Men's Casual Printed Striped Stylish Latest Formal Plus Size Shirt for Men | Cotton Mix 220 GSM,₹398.00,3.5 out of 5 stars,"2,381"
2026-08-20,Bestsellers in Men's Clothing,23,B0C3HRWRBF,"ZORO Men's Genuine Leather Belt for Men | Black,Brown,Tan",₹269.00,4.0 out of 5 stars,"2,627"
2026-08-20,Bestsellers in Men's Clothing,24,B0C1RY2VXR,Peter England Men's Snug Fit Solid Polo T-Shirt with Coloured Collar Tipping| Cotton Rich| Premium Pique Weave,₹602.10,4.1 out of 5 stars,"3,135"
2026-08-20,Bestsellers in Men's Clothing,25,B0FVY7GNBN,Men's Cotton Baggy Trackpants | Oversized Fit Streetwear & Gym Wear | Comfortable Casual Joggers for Men,₹299.00,3.8 out of 5 stars,"1,743"
2026-08-20,Bestsellers in Men's Clothing,26,B0DRFN3SBV,Lymio Men Shorts || Cotton Short for Men || with Pocket Style (Shorts-09-12),₹599.00,3.8 out of 5 stars,"1,582"
2026-08-20,Bestsellers in Men's Clothing,27,B081QJRMW9,Amazon Brand - Symbol Men's Solid Cotton Formal Shirt | Plain | Full Sleeve - Regular Fit (Available in Plus Sizes),₹549.00,3.9 out of 5 stars,"11,170"
2026-08-20,Bestsellers in Men's Clothing,28,B0DF794BDK,Lymio Cargo for Men | Cotton Cargo Pant | Drawstring Waist Pant (Also Available in Plus Sizes) (46-49),₹799.00,3.5 out of 5 stars,"1,698"
2026-08-20,Bestsellers in Men's Clothing,29,B0B5GYS4YC,XYXX Men's Aero Super Combed Cotton Regular Fit Solid Antimicrobial Trunks with No Marks Waistband (Pack of 2),₹439.00,4.0 out of 5 stars,"5,994"
2026-08-20,Bestsellers in Men's Clothing,30,B0GWQSFZ98,SWAGR 5 Pack Men's Super Combed Cotton Underwear Trunks | Classic TruComfort Fit | Powered by ZincShield Anti-Bacterial Tech | Aerflo Breathability | 4-Way FlexStretch | SOXCO Style SG05,₹594.14,4.1 out of 5 stars,573
2026-08-20,Bestsellers in Men's Clothing,51,B09DCKXK3M,Labnoft Men's Auto Lock Vegan Leather Belt,₹699.00,4.3 out of 5 stars,"10,056"
2026-08-20,Bestsellers in Men's Clothing,52,B07CYX8R5J,Amazon Brand - Symbol Men's Cotton Shirt | Casual | Plain | Full Sleeve | Summer - Regular Fit (Available in Plus Sizes),₹549.00,3.8 out of 5 stars,"9,036"
2026-08-20,Bestsellers in Men's Clothing,53,B0BK1HQZD4,"HAMMONDS FLYCATCHER Genuine Leather Belt for Men, Premium Leather Belt with Auto Lock mechanism, Mens Belt Leather Branded with Slide Lock for Everyday Wear",₹889.00,4.4 out of 5 stars,"2,655"
2026-08-20,Bestsellers in Men's Clothing,54,B073X4KMH6,Amazon Brand - Symbol Men's Solid Cotton T Shirt | Round Neck | Half Sleeve | Plain-Regular Fit (Available in Plus Sizes),₹349.00,4.0 out of 5 stars,"19,747"
2026-08-20,Bestsellers in Men's Clothing,55,B0C3DBY5WV,Pepe Jeans Men's Solid Cotton Poly Regular Fit Track Pants | Relaxed Athleisure Sportswear for Gym & Leisure Wear | Durable Poly Cotton Blend | Adjustable Elastic Waist with Drawstring | Dual Pockets,₹749.00,3.8 out of 5 stars,"3,420"
2026-08-20,Bestsellers in Men's Clothing,56,B0GSGWB3RM,boffi ... 100% Cotton Oversized T-Shirt Unisex Drop Shoulder Dye Washed Street Look Black Pack of 1,₹332.00,3.5 out of 5 stars,"1,810"
2026-08-20,Bestsellers in Men's Clothing,57,B0BHW7W1CV,Peter England Men's Everyday Solid Slim Fit Full Sleeve Formal Shirt | Cotton-Rich,₹845.10,3.9 out of 5 stars,"2,145"
2026-08-20,Bestsellers in Men's Clothing,58,B0BDYRFZYD,"Jockey US57 Men Super Combed Mercerized Cotton Woven Printed Boxer Shorts with Side Pockets_(Pack of 2, Prints May Vary)",₹999.00,4.2 out of 5 stars,"4,133"
2026-08-20,Bestsellers in Men's Clothing,59,B01CP5V3SA,Jockey FP04 Men Super Combed Cotton Rib Round Neck Sleeveless Vest Regular Fit,₹349.00,4.3 out of 5 stars,"8,605"
2026-08-20,Bestsellers in Men's Clothing,60,B00W066T66,Jockey 9930 Men Super Combed Cotton Rib Solid Round Neck Muscle Vest Regular Fit,₹339.00,4.2 out of 5 stars,"10,621"
2026-08-20,Bestsellers in Men's Clothing,61,B01420KN9G,Jockey Men Boxer Briefs,₹550.00,4.2 out of 5 stars,"13,364"
2026-08-20,Bestsellers in Men's Clothing,62,B0DP7M6DRY,Lymio Polo T Shirt for Men || T Shirt for Man || Collar T Shirt Style Men (Packs Also Available) (Polo-40-43),₹429.00,3.6 out of 5 stars,919
2026-08-20,Bestsellers in Men's Clothing,63,B0FHDL7JY8,LEOTUDE Men's Half Sleeve Round Neck Cottonblend Graphic Print Oversized,₹298.00,3.9 out of 5 stars,"1,141"
2026-08-20,Bestsellers in Men's Clothing,64,B09X5RLGY5,Jockey 7036 Men Compact Cotton Terry Ankle Length Socks With StayFresh Treatment_(Pack of 3),₹432.00,4.1 out of 5 stars,"4,373"
2026-08-20,Bestsellers in Men's Clothing,65,B0GKV18R4N,AUSK Baggy Hip-Hop T-Shirt for Men - Graphic Printed T Shirts || Oversized Men Tshirt || T-Shirts,₹298.00,3.4 out of 5 stars,311
2026-08-20,Bestsellers in Men's Clothing,66,B0G6KM9NS8,"Linen Pants for man | Lower for man | Chinos for Casual Wear |Straight fit Trouser for Men | Elastic Waist Brethable All Season Pants for Regular, Office Wear",₹745.00,3.9 out of 5 stars,"1,107"
2026-08-20,Bestsellers in Men's Clothing,67,B0FMFCQ633,"MADHAVISTA Combo of Men’s Casual Cotton Blend Shirt || Long Sleeve Button Down with Spread Collar | Lightweight Breathable Fabric | Stylish Solid Shirt for Beach, Office & Everyday Wear Pack of 2",₹495.00,3.7 out of 5 stars,461
2026-08-20,Bestsellers in Men's Clothing,68,B0DXPPCRJQ,XYXX Men's Aero Super Combed Cotton Regular Fit Solid Antibacterial Trunk,"₹1,099.00",4.2 out of 5 stars,953
2026-08-20,Bestsellers in Men's Clothing,69,B0CNKNMSBL,"Boldfit Arm Sleeves for Men & Women UV Protection Hand Sleeve with Thumb for Boys & Girls Sun Protection Cover for Running, Bike Riding, Cricket - Nylon - Black - 1 Pair",₹189.00,3.9 out of 5 stars,"3,485"
2026-08-20,Bestsellers in Men's Clothing,70,B0CK6LC8QR,Majestic Man Men Classic Slim Fit Pure Cotton Casual Shirt,₹499.00,3.9 out of 5 stars,"2,280"
2026-08-20,Bestsellers in Men's Clothing,71,B0D4VP8B4M,Louis Philippe Men's Slim Fit Premium High-End Pique in Superior Cotton Cut & Sew Design Color Block Shoulder Half Sleeve Polo Tshirt,"₹1,160.10",4.1 out of 5 stars,968
2026-08-20,Bestsellers in Men's Clothing,72,B07YT1GKKH,Amazon Brand - Symbol Men's Stretchable Formal Pants | Trousers (Slim Fit),₹799.00,3.8 out of 5 stars,"16,317"
2026-08-20,Bestsellers in Men's Clothing,73,B0DHSHNZ98,"SWAGR Sports Crew Socks for Men Premimum Cotton Athletic Socks, Pack of 3, Free Size",₹109.00,4.0 out of 5 stars,"1,920"
2026-08-20,Bestsellers in Men's Clothing,74,B08JQD1QYZ,"Supersox Calf Length Formal Office Socks for Man | Combed Cotton | Breathable, Moisture Absorbent & Anti-Odor | Free Size | Pack of 3",₹277.00,4.1 out of 5 stars,"4,299"
2026-08-20,Bestsellers in Men's Clothing,75,B0C96YJ1HS,Lux Cozi Men's Cotton Solid Polo Tshirt | Collar Tshirts | Half Sleeves | Stylish & Premium All Day Wear | Pack of 1 Regular Fit,₹380.00,3.8 out of 5 stars,"8,257"
2026-08-20,Bestsellers in Men's Clothing,76,B0CGLLYV2D,CB-COLEBROOK Men's Regular Fit Solid Soft Touch Cotton Casual Shirt with Pocket Design with Spread Collar & Full Sleeves (Available in Plus Size),₹495.00,3.6 out of 5 stars,"4,563"
2026-08-20,Bestsellers in Men's Clothing,77,B0HBQVNZYW,"DEEMOON Men's Premium Cotton Blend Printed Checkered Shirt | Full Sleeve Plaid Casual Button-Down Shirt | Soft & Comfortable Regular Fit | Office, Travel & Everyday Wear",₹494.00,4.1 out of 5 stars,10
2026-08-20,Bestsellers in Men's Clothing,79,B0DVZHG9BB,Mack Jonney Regular Trouser Loose Fit | Sports for Men Stylish Track Pant-MACK640418,₹388.00,3.7 out of 5 stars,"1,633"
2026-08-20,Bestsellers in Men's Clothing,80,B0D83WSP8C,"Boldfit Shorts for Men Training Gym Shorts for Men Workout Lightweight Running Short for Man Badminton Short for Boys Breathable Gym Wear for Boys Half Pant for Running, Cycling, Workout, Pickleball",₹499.00,4.1 out of 5 stars,"1,483"
2026-08-20,Trunks,1,B012SX56OG,Jockey IC28 Men Tactel Microfiber Elastane Stretch Solid Trunk with Moisture Move Properties,₹629.00,4.4 out of 5 stars,"14,083"
2026-08-20,Trunks,2,B0GWQSFZ98,SWAGR 5 Pack Men's Super Combed Cotton Underwear Trunks | Classic TruComfort Fit | Powered by ZincShield Anti-Bacterial Tech | Aerflo Breathability | 4-Way FlexStretch | SOXCO Style SG05,₹594.14,4.1 out of 5 stars,573
2026-08-20,Trunks,3,B0B5GYS4YC,XYXX Men's Aero Super Combed Cotton Regular Fit Solid Antimicrobial Trunks with No Marks Waistband (Pack of 2),₹439.00,4.0 out of 5 stars,"5,994"
2026-08-20,Trunks,4,B08V56NV1B,"XYXX Men's Uno Micromodal Antimicrobial Trunks | Snug Fit, 4-Way Stretch & No-Marks Waistband Underwear for Men Combo (Pack of 2)",₹499.00,3.9 out of 5 stars,"8,458"
2026-08-20,Trunks,5,B0DXPPCRJQ,XYXX Men's Aero Super Combed Cotton Regular Fit Solid Antibacterial Trunk,"₹1,099.00",4.2 out of 5 stars,953
2026-08-20,Trunks,7,B07S3H5YXD,Levi's 003 Classic Trunk for Men | 100% Pure Cotton | Solid | Durable Comfort | Breathable Men's Underwear | Anti-Roll Waistband | Extra Supportive Gusset | No Ride-Up Leg Fit | Pack of 2,₹440.00,3.9 out of 5 stars,"6,637"
2026-08-20,Trunks,8,B071GYQ6SY,Lux Cozi Mens 100% Cotton Solid Mini Trunk | Mini Trunk Underwear for Men | Color and Print May Vary | Pack of 3,₹379.00,3.8 out of 5 stars,"7,708"
2026-08-20,Trunks,9,B0FWBKJ29C,Jockey FP23 Men Super Combed Cotton Elastane Stretch Printed Trunk with Ultrasoft Waistband_(Prints May Vary),₹378.00,4.0 out of 5 stars,"6,045"
2026-08-20,Trunks,10,B0BL3HQP75,Lux Cozi Men's Cotton Bigshot Trunk - Pack of 3,₹369.00,3.9 out of 5 stars,"1,426"
2026-08-20,Trunks,11,B08RJ95WBR,DAMENSCH Deo-Cotton Solid Underwear Pack of 1 Breathable Inner for Men Cotton Trunks for Men Pack No-Marks Waistband Mens Underwear Moisture Wicking Underwear for Men Combo,₹289.00,4.2 out of 5 stars,"1,616"
2026-08-20,Trunks,12,B0GWDCSW62,"DAMENSCH Men’s Compression Shapewear Trunk, Comfortable Stretchy Body Shaper, Posture Correcting Tummy Tucker, Breathable Support Underwear","₹1,199.00",3.9 out of 5 stars,94
2026-08-20,Trunks,13,B0D3DN978Y,U.S. Polo ASSN. Mens OET06 Flag Elastic Antibacterial Underwear Trunks - Pack of 2,₹622.00,4.0 out of 5 stars,777
2026-08-20,Trunks,14,B00WFSO3LM,Jockey 1015 Men's Super Combed Cotton Rib Solid Trunk with Stay Fresh Properties,₹299.00,4.1 out of 5 stars,"9,016"
2026-08-20,Trunks,15,B08RHNRQMC,DAMENSCH Deo-Cotton Printed Underwear for Men,₹879.00,4.2 out of 5 stars,"4,060"
2026-08-20,Trunks,16,B00W04L49K,Jockey US21 Men's Super Combed Cotton Elastane Stretch Solid Trunk with Ultrasoft Waistband,₹329.00,4.0 out of 5 stars,"15,831"
2026-08-20,Trunks,17,B0BQ6GMMVP,U.S. Polo ASSN. Mens ET002 Anti Microbial Branded Stretch Cotton Underwear Trunk -Pack of 2,₹654.00,4.0 out of 5 stars,"1,754"
2026-08-20,Trunks,18,B0F2SSLSS5,HEELIUM Bamboo Underwear Trunk for Men | 3X Softer Than Cotton & Odour Free | Stretchy Fabric & Durable Waistband,₹899.00,4.0 out of 5 stars,"1,009"
2026-08-20,Trunks,19,B0B9GD6RNV,Jockey NY02 Men Super Combed Cotton Elastane Stretch Printed Trunk with Ultrasoft Waistband_(Prints May Vary),₹429.00,4.1 out of 5 stars,"1,457"
2026-08-20,Trunks,20,B0C6QVTF3L,Lux Cozi Men's Cotton Printed Mini Trunks Pack of 3 | Inner Elastic Waistband | Soft & Breathable Cotton Underwear for Men | Printed Mini Trunk | Comfortable Everyday Innerwear -Color & Print May Vary,₹449.00,3.8 out of 5 stars,"4,902"
2026-08-20,Trunks,21,B08J7K6QQC,"DAMENSCH Deo-Soft Solid Supima Modal Fabric Trunk | 3x Softer than Regular Cotton, 5x Odour-Cancellation, Advanced Moisture Control, Lasts 2x Longer than Regular Modal Underwear",₹399.00,4.3 out of 5 stars,"1,700"
2026-08-20,Trunks,22,B08W9PNQM5,"XYXX Men's Uno Micromodal Antimicrobial Trunks | Snug Fit, 4-Way Stretch & No-Marks Waistband Underwear for Men Combo (Pack of 5)","₹1,249.00",4.0 out of 5 stars,"1,459"
2026-08-20,Trunks,23,B098SMNF2H,"Dixcy Scott Cross Trunk | Long Leg Trunks for Men | 100% Combed Cotton | Soft, Sweat-Absorbent Waistband | C-Open Front Men's Underwear | Self-Hem Leg Grip Innerwear for Man | Pack of 3",₹355.00,3.8 out of 5 stars,"11,717"
2026-08-20,Trunks,24,B0CJFTD6HQ,Jockey 8009 Men Super Combed Cotton Solid Long Trunk Boxer Brief(Pack of 3),₹840.00,4.2 out of 5 stars,"4,174"
2026-08-20,Trunks,25,B0CVSFMR7J,DAMENSCH Men Trunks,₹559.00,4.3 out of 5 stars,433
2026-08-20,Trunks,26,B08WRHNMJX,DAMENSCH Pack of 2 Regular Fit Printed Cotton Blend Anti-Bacterial Moisture Wicking Breathable Microfiber Waistband Stretchable Deo Cotton Trunk for Men,₹548.00,4.2 out of 5 stars,"3,528"
2026-08-20,Trunks,27,B07X42YDKZ,Levi's 001 Classic Boxer Brief for Men | 100% Pure Cotton | Solid | Mid-Rise Men's Underwear | Anti-Roll Waistband | Durable Comfort with Extra Supportive Gusset | Functional Fly | Pack of 2,₹434.00,3.9 out of 5 stars,"5,085"
2026-08-20,Trunks,28,B07KPLFNYM,Jockey IC30 Men Tactel Microfiber Elastane Stretch Printed Trunk,₹649.00,4.3 out of 5 stars,"3,572"
2026-08-20,Trunks,29,B09KV3B1GF,Jockey 8015 Men Super Combed Cotton Solid Trunk (Pack of 2),₹549.00,4.1 out of 5 stars,"1,103"
2026-08-20,Trunks,30,B0B3NHF46Q,DAMENSCH Men Cotton Trunks,₹398.00,4.2 out of 5 stars,"2,177"
2026-08-20,Trunks,51,B0FDWWS8R9,Boldfit Trunks for Man Cotton Underwear for Men Breathable Anti Roll Waistband,₹489.00,4.3 out of 5 stars,218
2026-08-20,Trunks,52,B09SL4LKWC,Dollar Bigboss Men Cotton Trunk,₹426.00,3.9 out of 5 stars,498
2026-08-20,Trunks,53,B0C5CLPMD2,Lux Cozi Men's Cotton Printed Inner Elastic Long Trunks for Men | Soft & Breathable Cotton Underwear | Comfortable Stretch Waistband | Printed Long Trunk Underwear Color & Print May Vary - Pack of 3,₹570.00,4.0 out of 5 stars,352
2026-08-20,Trunks,54,B0FFMGNFQ4,"Freecultr Air Micro Modal Men's Trunk | Pack of 7 (Monday to Sunday Combo) | Soft, Stretchable, Anti-Odour Fabric | Unique Colors | Comfortable Waistband","₹1,899.00",4.2 out of 5 stars,106
2026-08-20,Trunks,55,B07KXX1S4B,"XYXX Men's Cloudsoft Micromodal Premium Trunks|Antimicrobial, Snug Fit, No-Marks Waistband|Underwear for Men Combo (Pack of 2)",₹759.00,3.9 out of 5 stars,969
2026-08-20,Trunks,56,B0CVXSXYX1,"DAMENSCH Men Solid Anti-Odour Peppermint Finish, Ultra Soft with Premium Shine EPP Classic Trunks",₹249.00,4.1 out of 5 stars,722
2026-08-20,Trunks,57,B0D8N6H51D,"Lux Classic Men's Inner Elastic Trunks - Pack of 5 (Color May Vary) | Premium 100% Cotton | Ultimate Comfort Breathable, Soft & Durable | Everyday Essential Lux Underwear",₹607.00,4.1 out of 5 stars,699
2026-08-20,Trunks,58,B0BCM5Z867,"DAMENSCH Regular Fit Solid Trunks for Men Pack of 3| Combed Cotton, Stretchy Fabric, Anti-Bacterial and Microfibre Waistband",₹949.00,4.3 out of 5 stars,"2,490"
2026-08-20,Trunks,59,B00W03R95O,Jockey 8008 Men Super Combed Cotton Solid Long Trunk Boxer Brief(Pack of 2),₹510.00,4.3 out of 5 stars,"11,223"
2026-08-20,Trunks,60,B09RY1FV57,"Van Heusen Men's Trunk Pack of 1 | Air Series | Lightest Underwear | Mesh Fabric | Breathable Active Trunks | Moisture-Wicking & Sweat Absorbent | No Ride-Up Fit | Gym, Sports & Activewear Underwear | Style 40047",₹689.00,4.2 out of 5 stars,246
2026-08-20,Trunks,61,B0B8XTF323,DaMENSCH Regular Fit Solid Cotton Blend Trunk Underwear Anti-Bacterial Moisture Wicking Breathable Microfibre Waistband Deo-Cotton Trunks for Men,₹599.00,4.3 out of 5 stars,"1,802"
2026-08-20,Trunks,62,B0F53XZ9LY,Jockey IC28 Men Tactel Microfiber Elastane Stretch Solid Trunk with Moisture Move Properties_(Pack of 2),"₹1,199.00",4.3 out of 5 stars,152
2026-08-20,Trunks,63,B0CDWCKKKC,Levi's 003 Classic Trunk for Men | 100% Pure Cotton | Solid | Durable Comfort | Breathable Men's Underwear | Anti-Roll Waistband | Extra Supportive Gusset | No Ride-Up Leg Fit | Pack of 4,₹811.00,3.6 out of 5 stars,38
2026-08-20,Trunks,64,B0D8145KQ4,HIELABS Micromodal Pouch Underwear for Men | Regular Fit Trunk | Ultra Soft & Breathable | Anti Odour | Ultrasoft Waistband | Men AllDayFit | Pack of 2 with Two Different Colours | ALL Sizes,"₹1,059.00",4.3 out of 5 stars,466
2026-08-20,Trunks,65,B08RDM6MGG,"Freecultr Men's Micromodal Airsoft Trunks – Anti-Bacterial, Sweat-Proof, Ultra-Soft, No Itch, No Chafing, Breathable Comfort Men's Underwear Combo Pack of 5","₹1,199.00",3.9 out of 5 stars,"3,105"
2026-08-20,Trunks,66,B0BQ6G56SM,U.S. Polo ASSN. Mens ET004 Anti Microbial Cotton Stretch Essential Underwear Trunk -Pack of 2,₹576.00,4.0 out of 5 stars,"1,061"
2026-08-20,Trunks,67,B07XMC6R8Y,"XYXX Men's Cloudsoft Micromodal Premium Trunks|Snug Fit, 4-Way Stretch, Soft No-Marks Waistband|Underwear for Men Combo (Pack of 3)","₹1,099.00",3.9 out of 5 stars,"2,320"
2026-08-20,Trunks,68,B0D97KM8BL,U.S. Polo ASSN. Mens OET09 Elastic Waistband Ribbed Solid Underwear Trunks - Pack of 2,₹594.00,4.1 out of 5 stars,289
2026-08-20,Trunks,69,B0H28LKFY4,"MERIWOOL Men's Ultra-Comfort Ice Silk Lycra Underwear | Moisture-Wicking, Breathable Boxers for Men | Seamless Design | (Any 3 Multicolor) Pack of 3",₹449.00,4.3 out of 5 stars,"1,435"
2026-08-20,Trunks,70,B0DVTB97X2,U.S. Polo ASSN. Mens OET14 Anti Microbial Printed Cotton Blend Underwear Trunks - Pack of 3,"₹1,019.00",4.1 out of 5 stars,92
2026-08-20,Trunks,71,B0BZW8W1ZN,XYXX Men's Dualist Micromodal Regular Fit Colorblock Antimicrobial Trunks with No Marks Waistband (Pack of 3),₹999.00,4.1 out of 5 stars,749
2026-08-20,Trunks,72,B0C5CRDHTC,Lux Cozi Men's Cotton Printed Inner Elastic Long Trunks for Men | Soft & Breathable Cotton Underwear | Comfortable Stretch Waistband | Printed Long Trunk Underwear | Color & Print May Vary - Pack of 5,₹836.00,4.0 out of 5 stars,815
2026-08-20,Trunks,73,B08W598K3V,"XYXX Men's CloudSoft Micro Modal Trunks| Snug Fit, 4-Way Stretch & No-Marks Waistband Underwear for Man",₹299.00,4.2 out of 5 stars,404
2026-08-20,Trunks,74,B09BL1DLKC,"Freecultr Men's Underwear Micromodal Airsoft Trunk Comfortable – Sweat Proof, Non-Itch, No Chafing, Ultra Soft & Breathable Fabric | Mens Underwear Combo Pack of 2",₹499.00,3.9 out of 5 stars,"2,905"
2026-08-20,Trunks,75,B0C58J3F6V,Jockey LM06 Men Bamboo Cotton Elastane Stretch Breathable Mesh Trunk with StayDry Treatment,₹480.00,4.4 out of 5 stars,139
2026-08-20,Trunks,76,B06XSHNB1L,XYXX Men's IntelliSoft Antimicrobial Micro Modal Ace Trunk,₹568.00,3.9 out of 5 stars,"3,282"
2026-08-20,Trunks,77,B08QND75DV,DAMENSCH Men's Modal Trunks,₹429.00,4.3 out of 5 stars,"1,177"
2026-08-20,Trunks,78,B07S27M5PG,Levi's 018 Classic Trunk for Men | Cotton Stretch Fabric | Men’s Trunk Underwear | Anti-Roll Waistband | Supportive Gusset | No Ride-Up Mid Length Fit | Tagless & Zero Irritation Comfort | Pack of 2,₹559.00,3.8 out of 5 stars,"1,956"
2026-08-20,Trunks,79,B0DJGS78HF,DAMENSCH Regular Fit Printed Cotton Blend Trunk Underwear Anti-Bacterial Moisture Wicking Breathable Microfibre Waistband Stretchable Deo-Cotton Trunk for Men,₹400.00,4.2 out of 5 stars,229
2026-08-20,Trunks,80,B0GW88NBYW,"DAMENSCH Men Solid Invisible Seams, Endless Lightness, Limitless Stretch, Unrestricted Support Unreal Infinit Trunks",₹899.00,3.8 out of 5 stars,35
2026-08-20,Vests,1,B00W04OTYM,Jockey 8820 Men's Super Combed Cotton Round Neck Sleeveless Vest with Extended Length for Easy Tuck (Pack of 3),₹647.00,4.3 out of 5 stars,"12,783"
2026-08-20,Vests,2,B071KKRY5N,Lux Cozi Men's White Round Neck Sleeveless Cotton Vest (Pack of 3),₹349.00,4.2 out of 5 stars,"14,392"
2026-08-20,Vests,3,B0FBWMFNLC,"DAMENSCH Form Shapewear for Men, Comfortable and Stretchy Body Shaper for Man, Posture Correcting Tummy Tucker, Breathable Gynecomastia Compression T Shirt, Ideal for Parties Shirt Tucker for Men",₹979.00,3.5 out of 5 stars,654
2026-08-20,Vests,4,B01CP5V3SA,Jockey FP04 Men Super Combed Cotton Rib Round Neck Sleeveless Vest Regular Fit,₹349.00,4.3 out of 5 stars,"8,605"
2026-08-20,Vests,5,B08BG3Z83R,"DAMENSCH Neo-Skin Round Neck Anti-Bacterial Bamboo Vest | Sustainable Bamboo Fabric, Luxuriously Soft, Naturally Anti-Bacterial, Advanced Moisture Control Fabric, Contoured Neckline",₹419.00,4.1 out of 5 stars,"2,185"
2026-08-20,Vests,6,B0BHXHK3Q4,"DAMENSCH Anti-Bacterial Anti Odour Soft Cotton Vest | Buttery-Soft, Premium Cotton, Retains Shape Upto 2 Years, Anti-Bacterial, Odour-Cancelling Fabric, No-Peep Neckline",₹290.00,4.1 out of 5 stars,"2,746"
2026-08-20,Vests,7,B07W146W44,Lux Cozi Men's 100% Soft Cotton Vest Pack of 5 | Solid White Sleeveless Banyan for Men | Round Neck Vest | Breathable Lightweight Cotton Innerwear | Comfortable Regular Fit Undershirt for Daily Wear,₹570.00,4.3 out of 5 stars,836
2026-08-20,Vests,8,B072NBTTZS,"Lux Cozi Men's Half Sleeve Vest Pack of 3 | Cotton Round Neck Vest for Men | White Cotton Banyan | Soft, Breathable & Lightweight Men's Innerwear",₹419.00,4.2 out of 5 stars,"4,452"
2026-08-20,Vests,9,B071GYQ6ST,Lux Cozi Men's 100% Cotton Sleeveless Round Neck Regular Fit Vest | Baniyan for Men | Vest for Men Pack of 3,₹379.00,4.0 out of 5 stars,"5,396"
2026-08-20,Vests,10,B0F9L7F3PQ,"XYXX Men's Cotton Square Neck Seamless Vest | Invisible Vest for Man, Seamless Inner for Men",₹549.00,3.9 out of 5 stars,243
2026-08-20,Vests,11,B00W04O370,Jockey 8817 Men Super Combed Cotton Round Neck Half Sleeved Vest_(Pack of 2) Regular Fit,₹599.00,4.3 out of 5 stars,"2,890"
2026-08-20,Vests,12,B07D77699F,"Dixcy Scott Originals Classic Ribbed Vest |100% Combed Cotton | Rib 2x2 Men's Vest | No-Peep Neckline | Breathable, Sweat Absorbent Vest for Men | Cut Away Back Arm Hole | Innerwear for Man |Pack of 2",₹284.00,4.1 out of 5 stars,"10,750"
2026-08-20,Vests,13,B00W04PH48,Jockey 8823 Men Super Combed Cotton Rib Round Neck Sleeveless Vest with StayFresh Properties_(Pack of 2) Regular Fit,₹509.00,4.3 out of 5 stars,"2,135"
2026-08-20,Vests,14,B07S28JYQZ,U.S. Polo ASSN. Men's I661 Round Neck Cotton Jersey Vest - Pack of 3,₹599.00,4.2 out of 5 stars,"2,796"
2026-08-20,Vests,15,B0DZP3D8CD,Amul Comfy Men’s Vest | 100% Cotton Single Jersey Fabric | U Neck Sleeveless Innerwear | Ultra Soft Hand Feel | Seamless Body | Superior Comfort Color May Vary (Pack of 6),₹330.00,4.1 out of 5 stars,368
2026-08-20,Vests,16,B00W04QF4E,Jockey 9922 Men Super Combed Cotton Rib Round Neck with Racerback Gym Vest Regular Fit,₹339.00,4.2 out of 5 stars,"10,043"
2026-08-20,Vests,17,B0C5CVGNHY,"XYXX Men's 100% Cotton Ribbed Regular Fit Solid Square Neck Vest | Anti Bacterial Finish, Racer Back Baniyan for Man, Tag Free Comfort Man's Inner",₹589.00,4.0 out of 5 stars,631
2026-08-20,Vests,18,B01N4TUR8N,"Rupa Jon Sleeveless Vest for Men, 100% Cotton Material, Round Neck, Pack of 5 Standard",₹315.00,4.1 out of 5 stars,"20,625"
2026-08-20,Vests,19,B0BG5S5MX2,Lux Cozi Men's Cotton Vest Pack of 3 | Sleeveless Gym Vest for Men | Soft Breathable Cotton Innerwear | Round Neck Regular Fit Undershirt | Men's Baniyan | Color May Vary,₹403.00,3.9 out of 5 stars,"6,375"
2026-08-20,Vests,20,B07VLYCZVD,"Dixcy Scott Originals Clasz Vest | 100% Combed Cotton | Men's Vest | No-Peep Neckline | Breathable, Sweat Absorbent Vest for Men | Cut Away Back Arm Hole | Innerwear for Man | Pack of 3 Regular Fit",₹299.00,4.0 out of 5 stars,"7,159"
2026-08-20,Vests,21,B0DBZ3Z9JC,"Lux Cozi 100% Cotton Men Sleeveless Round Neck Vest - Modern White Baniyan for Men, Pack of 3",₹305.00,4.2 out of 5 stars,993
2026-08-20,Vests,22,B01MRTMNXT,"VIP Men's Cotton Vest – Soft & Breathable Half Sleeve Innerwear for Everyday Comfort | Sweat-Absorbing, Quick-Dry | Regular Fit, Label-Free Design for Superior Ease & Durability. Pack of 5",₹614.00,4.0 out of 5 stars,"11,054"
2026-08-20,Vests,23,B0BRCZM36T,"HEELIUM Bamboo Gym Vests for Men, Odour Free, Super Soft & Comfortable",₹599.00,4.0 out of 5 stars,835
2026-08-20,Vests,24,B09PL3NW1B,VIP Supreme Men's Cotton Regular Fit Vest (Pack Of 3),₹363.00,4.0 out of 5 stars,"4,096"
2026-08-20,Vests,25,B09MF8HPMZ,"HEELIUM Bamboo Vest for Men, Super Soft, Odour Free, Comfort Fit Innerwear Vest",₹899.00,4.1 out of 5 stars,542
2026-08-20,Vests,26,B00W04OHLC,Jockey Men Undershirt,₹458.00,4.3 out of 5 stars,"2,281"
2026-08-20,Vests,27,B00W04OG54,Jockey 8820 Men's Super Combed Cotton Round Neck Slim Fit Sleeveless Vest with Extended Length for Easy Tuck (Pack of 2),₹450.00,4.3 out of 5 stars,"1,384"
2026-08-20,Vests,28,B0GWF1C8FF,JUGULAR Tank Tops Sleeveless T-Shirt for Men Gym Wear Vest Solid Stylish Round Neck Running for Sports Workout Fitness & Casual or Beach Wear,₹216.00,3.9 out of 5 stars,230
2026-08-20,Vests,29,B01N6WM2KD,"Rupa Frontline Sleeveless Round Neck Vest for Men, 100% Cotton Material, Regular Fit, Pack of 3",₹339.00,4.1 out of 5 stars,"4,080"
2026-08-20,Vests,30,B07MQ11SMH,Jockey MC06 Men Super Combed Cotton Half Sleeved Inner T-Shirt Regular Fit,₹379.00,4.0 out of 5 stars,"3,046"
2026-08-20,Vests,51,B0DMG4SZ6B,SANE ORIGINALS Gym Sandos for Men || Sando Tank Top || Combo Pack of 2,₹269.00,4.0 out of 5 stars,103
2026-08-20,Vests,52,B07X55T86Z,Levi's 013 Classic Vest for Men | 100% Rib Cotton | Breathable Fabric | Round Neck Sleeveless Men's Vest | Soft & Durable | Freedom of Movement | Tagless & Zero Irritation Comfort | Pack of 1,₹259.00,4.2 out of 5 stars,843
2026-08-20,Vests,53,B0FBLK5CW6,"FirstFit Cotton Slimming Tummy Tucker Vest, Underwear Shapewear Slim Body Shaper for Men",₹499.00,4.4 out of 5 stars,200
2026-08-20,Vests,54,B0CDCT8Y2X,Poomex® Men's Cotton Vest (Pack of 3),₹398.00,4.5 out of 5 stars,210
2026-08-20,Vests,55,B0FH24R69W,WINRKERY Men's Compression Vest Gynecomastia Shirt Tummy Control Tank Top Undershirt Seamless Shapewear Instant Slimming,₹364.00,4.0 out of 5 stars,54
2026-08-20,Vests,56,B0FQJMNFVM,Amul Comfy Boy's Vest | 100% Cotton Single Jersey Fabric | U Neck Sleeveless Innerwear | Soft Hand Feel Comfort Fit | Seamless Body | Superior Daily Comfort | Color May Vary (Pack of 5),₹274.00,4.2 out of 5 stars,21
2026-08-20,Vests,57,B0DH3H21QG,LUX VENUS Men’s Vest - 100% Cotton Premium Baniyan (Color May Vary),₹259.00,4.0 out of 5 stars,259
2026-08-20,Vests,58,B0F26R27HL,FF Slim Fit Tummy Tucker Vest for Men Gynecomastia Compression Shirts Belly Slimmer for Men Shapewear Stretchable Undershirt Vest – Pack of 2 – Black & White,₹799.00,4.1 out of 5 stars,161
2026-08-20,Vests,60,B07MFYLZ2B,Lux Cozi Men's Cotton Solid Regular Fit Vest (Pack of 2),₹229.00,4.2 out of 5 stars,295
2026-08-20,Vests,61,B01LX7WHUI,"Van Heusen Men Regular Fit Vest 100% Combed Cotton Pack of 1 - Anti Bacterial, Quick Dry, Label Free",₹369.00,4.0 out of 5 stars,643
2026-08-20,Vests,62,B0CXDV4DN8,"Designer Men Vest Versatile Cotton Sando/Baniyan/Ganji for Boys - Perfect for Gym Workouts, Vacations, and Beaches",₹676.00,3.9 out of 5 stars,945
2026-08-20,Vests,63,B0F8JJPGML,"LISEJE Mens Slimming Body Shaper Vest, Gynecomastia Compression Shirts, Tummy Control Undershirts",₹344.00,4.0 out of 5 stars,122
2026-08-20,Vests,64,B07MGXTSS2,"RUPA Frontline Half Sleeves Round Neck Vest for Men, 100% Cotton Material, Regular Fit, Pack of 3",₹405.00,4.2 out of 5 stars,"1,406"
2026-08-20,Vests,66,B09YRTD1MF,"XYXX Men's 100% Combed Cotton Ribbed Regular Fit Solid Round Neck Vest | Anti Bacterial Finish, Racer Back Baniyan for Man, Tag Free Comfort Man's Inner (Pack of 3)",₹929.00,3.9 out of 5 stars,698
2026-08-20,Vests,67,B0GVBN2FCL,"Rockwell Men’s Premium Cotton Vest – Sleeveless Gym Undershirt | Breathable, Stretchable & Skin-Friendly Innerwear for Everyday Comfort | 002",₹299.00,4.0 out of 5 stars,173
2026-08-20,Vests,68,B0GTW6V1DX,Three Times 5 Men’s Cotton Athletic Ribbed Vest | Sleeveless Gym Tank Top | Slim Fit Essential Innerwear,₹399.00,4.5 out of 5 stars,17
2026-08-20,Vests,69,B00JZM2SZE,"Rupa Frontline Half Sleeves Round Neck Vest for Men, 100% Cotton Material, Regular Fit, Pack of 2",₹269.00,4.0 out of 5 stars,"2,957"
2026-08-20,Vests,70,B08V99R94H,"DAMENSCH Neo-Skin Bamboo Blend, Round Neck, Anti-Bacterial, Thermoregulating, Shape Retaining Baniyan for Man, Soft and Sustainable Vest",₹899.00,4.2 out of 5 stars,"2,430"
2026-08-20,Vests,71,B0H2WH2PVF,"Rockwell Men’s Premium Cotton Vest – Sleeveless Gym Undershirt | Breathable, Stretchable & Skin-Friendly Innerwear for Everyday Comfort | 391",₹349.00,3.5 out of 5 stars,5
2026-08-20,Vests,72,B0DR5HSWD1,THE BLAZZE Vest for Men Sleeveless Tshirt for Men Breathable for Men Gym Vest for Men Lightweight Gym Men Vest Sleeveless T Shirts for Men Comfortable Gym Wear for Men Vests for Men L2596,₹283.00,3.8 out of 5 stars,65
2026-08-20,Vests,73,B0GKQ9L21X,"XYXX Men's Cotton Vest, Regular Fit, Solid, Pack of 5, Polar White","₹1,049.00",1.0 out of 5 stars,1
2026-08-20,Vests,74,B08SS242M2,Dollar Bigboss Men Vest,₹298.00,4.1 out of 5 stars,168
2026-08-20,Vests,75,B09YRSSP8Z,"XYXX Men's 100% Combed Cotton Ribbed Regular Fit Solid Round Neck Vest | Anti Bacterial Finish, Racer Back Baniyan for Man, Tag Free Comfort Man's Inner (Pack of 2)",₹629.00,4.0 out of 5 stars,971
2026-08-20,Vests,76,B01MR43KX7,Dollar Bigboss Men Vest,₹537.00,4.2 out of 5 stars,938
2026-08-20,Vests,77,B08XNRNSPP,"JUARI BE A GENTLEMAN Men's Cotton Regular Fit, Sleeveless, Stringer Y Back Tank Tops Look",₹652.00,3.9 out of 5 stars,"2,524"
2026-08-20,Vests,78,B01N39RFK0,"Rupa Jon Sleeveless Vest for Men, 100% Cotton Material, Round Neck, Pack of 3",₹220.00,4.0 out of 5 stars,"16,215"
2026-08-20,Vests,79,B0CYSS3521,"Pepe Jeans Men's Solid 100% Cotton Regular Fit Gym Vest | Soft Breathable Athleisure Tank Top for Gym, Workout & Daily Innerwear Use | Round Neck | Sleeveless | Comfortable Everyday Casual Wear",₹349.00,4.0 out of 5 stars,77
2026-08-20,Vests,80,B07RQTZ7RH,VIP Men Regular Fit Vest,₹549.00,4.2 out of 5 stars,"3,664"
2026-08-20,Briefs,1,B014213DS8,Jockey 8037 Men Super Combed Cotton Solid Brief with Ultrasoft Waistband_(Pack of 2),₹398.00,4.3 out of 5 stars,"14,888"
2026-08-20,Briefs,2,B0CJFQWSYZ,Jockey 8009 Men Super Combed Cotton Solid Long Trunk Boxer Brief(Pack of 3),₹820.00,4.2 out of 5 stars,"4,174"
2026-08-20,Briefs,3,B07X63HHPH,Levi's 010 Classic Boxer Briefs for Men | 100% Pure Cotton | Breathable | Branded Inner Elastic | Anti-Roll Waistband | Supportive Gusset | Functional Fly | No Ride-Up Long Length Fit | Pack of 2,₹440.00,4.1 out of 5 stars,"12,553"
2026-08-20,Briefs,4,B07X63BBKZ,Levi's 009 Neo Brief for Men | 100% Pure Cotton | Solid Men's Underwear | Breathable | Branded Outer Elastic Anti-Roll Waistband | Extra Supportive Gusset | Dual Layer 3D Pouch | Tagless | Pack of 2,₹325.00,3.9 out of 5 stars,"26,858"
2026-08-20,Briefs,5,B09MFLHSVJ,Jockey 8035 Men Super Combed Cotton Solid Brief with Ultrasoft Concealed Waistband_(Pack of 3),₹499.00,4.3 out of 5 stars,"15,586"
2026-08-20,Briefs,6,B071964C24,Jockey IC27 Men's Tactel Microfiber Elastane Stretch Solid Brief with Moisture Move Treatment,₹449.00,4.5 out of 5 stars,"8,443"
2026-08-20,Briefs,7,B0BSHGZX89,"Boldfit Gym Supporter for Men Sports Underwear for Workout in Gym Stretchable Cotton Supporter for Gym Workout Quick Dry, Moisture Wicking Supporter for Cricket, Gym, Running Black",₹332.10,4.0 out of 5 stars,"3,205"
2026-08-20,Briefs,8,B0H1MLXYXV,SWAGR 5 Pack Men's Super Combed Cotton Underwear Briefs | Classic TruComfort Fit | Powered by ZincShield Anti-Bacterial Tech | Aerflo Breathability | 4-Way FlexStretch | SOXCO Style SG03,₹497.17,4.2 out of 5 stars,150
2026-08-20,Briefs,9,B073WCC5YL,Van Heusen Men’s Cotton Boxer Briefs Pack of 2 | Long Trunk | No ride-up | Super Combed Cotton for softness | Open Front Fly | Moisture‑Wicking | Sweat Absorbant | All‑Day Fresh Technology | Long Lasting Colors |Soft Plush Waistband | Label‑Free Comfort | style 10032,₹487.00,4.1 out of 5 stars,"17,550"
2026-08-20,Briefs,10,B0CJFTNNCJ,Jockey 8008 Men Super Combed Cotton Solid Long Trunk Boxer Brief(Pack of 3),₹799.00,4.2 out of 5 stars,"2,083"
2026-08-20,Briefs,11,B073WBTLT9,Van Heusen Men’s Cotton Briefs | 100% Cotton | Anti-Bacterial | Sweat Absorbant | Moisture-Wicking | Breathable Combed Cotton for extra comfort | Soft Waistband | Soft Touch | Style 10003,₹584.00,4.1 out of 5 stars,"10,476"
2026-08-20,Briefs,12,B07X561SPF,Levi's 001 Classic Boxer Brief for Men | 100% Pure Cotton | Solid | Mid-Rise Men's Underwear | Anti-Roll Waistband | Durable Comfort with Extra Supportive Gusset | Functional Fly | Pack of 2,₹434.00,3.9 out of 5 stars,"5,085"
2026-08-20,Briefs,13,B0BC93R4KC,Jockey US52 Men's Super Combed Cotton Printed Brief with Ultrasoft Waistband,₹529.00,4.2 out of 5 stars,"3,125"
2026-08-20,Briefs,14,B0BDDQTG1D,Levi's 009 Neo Brief for Men | 100% Pure Cotton | Solid Men's Underwear | Breathable | Branded Outer Elastic Anti-Roll Waistband | Extra Supportive Gusset | Dual Layer 3D Pouch | Tagless | Pack of 5,₹786.00,4.0 out of 5 stars,330
2026-08-20,Briefs,15,B09JGHS1WR,U.S. Polo ASSN. Mens Elasticized Waist Pure Cotton I006 Briefs - Pack of 3,₹657.00,4.1 out of 5 stars,"1,078"
2026-08-20,Briefs,16,B0F5QF8NY5,Jockey 8037 Men Super Combed Cotton Solid Brief with Ultrasoft Waistband_(Pack of 3),₹579.00,4.3 out of 5 stars,277
2026-08-20,Briefs,17,B00WFU4V1W,Jockey 8037 Men Super Combed Cotton Solid Brief with Ultrasoft Waistband,₹199.00,4.2 out of 5 stars,"30,362"
2026-08-20,Briefs,18,B01420KN9G,Jockey Men Boxer Briefs,₹550.00,4.2 out of 5 stars,"13,364"
2026-08-20,Briefs,19,B073WB2KHG,Van Heusen Men’s Cotton Briefs Pack of 3| Ribbed Cotton | Anti-Bacterial | Stay fresh | Sweat Absorbant | Moisture-Wicking | Long Lasting Colors |Breathable Combed Cotton for extra comfort | Soft Waistband | Soft Touch | Style 10004,₹765.00,4.2 out of 5 stars,"13,164"
2026-08-20,Briefs,20,B01ENC4MVI,Jockey 8035 Men Super Combed Cotton Solid Brief with Ultrasoft Concealed Waistband_(Pack of 2),₹358.00,4.3 out of 5 stars,"5,244"
2026-08-20,Briefs,21,B07WZV2Q3W,Levi's 011 Comfort Brief for Men | 100% Pure Cotton | Breathable | Durable | Anti-Roll Waistband | Extra Supportive Gusset | Dual Layer 3D Pouch | Tagless & Zero Irritation Comfort | Pack of 3,₹414.00,3.9 out of 5 stars,"9,175"
2026-08-20,Briefs,22,B0CNP7SF4M,Jockey FP22 Men Super Combed Cotton Elastane Stretch Printed Brief with Ultrasoft Waistband_(Prints May Vary),₹339.00,4.3 out of 5 stars,522
2026-08-20,Briefs,23,B0B2NWMFH4,Jockey NY15 Men Super Combed Cotton Elastane Stretch Solid Brief with Ultrasoft Waistband,₹299.00,4.3 out of 5 stars,"1,303"
2026-08-20,Briefs,24,B09SL3JCB6,Dollar Bigboss Men Cotton Brief,₹358.00,4.2 out of 5 stars,473
2026-08-20,Briefs,25,B0BDDMRF2T,Levi's 009 Neo Brief for Men | 100% Pure Cotton | Solid Men's Underwear | Breathable | Branded Outer Elastic Anti-Roll Waistband | Extra Supportive Gusset | Dual Layer 3D Pouch | Tagless | Pack of 3,₹426.00,3.9 out of 5 stars,311
2026-08-20,Briefs,26,B01H5FX64O,Jockey IC24 Men Tencel Micro Modal Cotton Elastane Stretch Solid Brief with Natural StayFresh Properties,₹399.00,4.3 out of 5 stars,"3,144"
2026-08-20,Briefs,27,B01ENCE8QW,Jockey US14 Men Super Combed Cotton Solid Brief with Ultrasoft Waistband_(Colors & Prints May Vary),₹219.00,4.2 out of 5 stars,"5,591"
2026-08-20,Briefs,28,B09PL6BYHP,"VIP Frenchie Plus Men’s Cotton Briefs (Pack of 3) – Ultra-Soft, Breathable Underwear with Stretch Waistband & All-Day Comfort Fit",₹329.00,4.2 out of 5 stars,"3,152"
2026-08-20,Briefs,29,B0B5F4QWWN,XYXX Men's Aero Super Combed Cotton Regular Fit Solid Antibacterial Briefs with No Marks Waistband (Pack of 2),₹399.00,3.9 out of 5 stars,"1,498"
2026-08-20,Briefs,30,B071KKQR7K,Lux Cozi Men Briefs,₹369.00,4.1 out of 5 stars,"1,862"
2026-08-20,Briefs,51,B01CP5VXI0,Jockey IC31 Men's Supima Cotton Elastane Stretch Solid Brief with Ultrasoft Waistband,₹449.00,4.3 out of 5 stars,"1,285"
2026-08-20,Briefs,52,B078ZY2ZGL,Jockey 1017 Men Super Combed Cotton Solid Long Trunk Boxer Brief,₹590.00,4.2 out of 5 stars,"4,652"
2026-08-20,Briefs,53,B0B5F6FBL6,XYXX Men's Traq Super Combed Cotton Regular Fit Solid Antibacterial Briefs with No Marks Waistband (Pack of 2),₹399.00,4.2 out of 5 stars,683
2026-08-20,Briefs,54,B0BFJX5F8C,"DAMENSCH Men's Regular Fit Solid Cotton Briefs for Men Pack of 3 | Combed Cotton, Stretchy Fabric, Anti-Bacterial and Microfibre Waistband",₹279.00,4.0 out of 5 stars,261
2026-08-20,Briefs,55,B01ENC2KF8,Jockey 8035 Men Super Combed Cotton Solid Brief with Ultrasoft Concealed Waistband,₹199.00,4.2 out of 5 stars,943
2026-08-20,Briefs,56,B09MFMJNG3,Jockey 1011 Men's Super Combed Cotton Solid Brief with Stay Fresh Properties,₹229.00,4.2 out of 5 stars,"2,150"
2026-08-20,Briefs,57,B09P77VXHJ,VIP Frenchie Plus Mens Cotton Brief (Pack of 6) Color May Vary,₹650.00,4.3 out of 5 stars,"1,105"
2026-08-20,Briefs,58,B09MFP2948,Jockey 1010 Men Super Combed Cotton Solid Brief with Stay Fresh Treatment_(Pack of 2),₹438.00,4.1 out of 5 stars,983
2026-08-20,Briefs,59,B077H3VWDG,U.S. Polo ASSN. Men's I006 Elasticized Waist Pure Cotton Underwear Briefs - Pack of 2,₹404.00,4.0 out of 5 stars,"1,978"
2026-08-20,Briefs,60,B0CVS7518R,DAMENSCH Men Briefs,₹449.00,4.1 out of 5 stars,194
2026-08-20,Briefs,61,B08YXDZZB3,Dollar Bigboss Men Brief,₹329.00,4.1 out of 5 stars,686
2026-08-20,Briefs,62,B0CBCK6ZQW,Frenchie VIP Plus Colour 100% Combed Cotton Brief Combo Set for Mens with Soft Concealed Waistband,₹298.00,4.1 out of 5 stars,528
2026-08-20,Briefs,63,B0BTDNN83W,"Jockey MC09 Men Super Combed Cotton Printed Brief with Ultrasoft Waistband_(Pack of 2, Prints May Vary)",₹479.00,4.3 out of 5 stars,718
2026-08-20,Briefs,64,B0721XWTL4,Lux Cozi Men Briefs,₹580.00,4.2 out of 5 stars,998
2026-08-20,Briefs,65,B0CR5S6BD7,MAML Men’s Ultra Thin Ice Silk Briefs Underwear for Men,₹539.00,3.8 out of 5 stars,498
2026-08-20,Briefs,66,B07HL66LTH,XYXX Men's Dualist Micromodal Regular Fit Colorblock Antimicrobial Briefs with No Marks Waistband (Pack of 2),₹550.00,4.1 out of 5 stars,"5,387"
2026-08-20,Briefs,67,B091KTVCQB,Van Heusen Men Boxer Briefs,₹253.00,4.2 out of 5 stars,215
2026-08-20,Briefs,68,B0GYSPVDS6,XYXX Solid Tactel Trunk for Men,₹499.00,4.2 out of 5 stars,249
2026-08-20,Briefs,69,B07KSKZBR2,Frenchie Men's Plain Brief (Pack of 3),₹299.00,4.2 out of 5 stars,437
2026-08-20,Briefs,70,B073WB72VR,"Van Heusen Men 100% Cotton Brief - Pack of 3 - Anti Bacterial, Colour Fresh, Moisture Wicking",₹500.00,4.0 out of 5 stars,"4,441"
2026-08-20,Briefs,71,B0CNH4H7QB,"DAMENSCH Men's Regular Fit Printed Cotton Briefs | Combed Cotton, Stretchy Fabric, Anti-Bacterial and Microfibre Waistband",₹289.00,4.4 out of 5 stars,774
2026-08-20,Briefs,72,B08RHLH218,DAMENSCH Deo-Cotton Solid Underwear for Men Combo Breathable Inner Cotton Briefs Pack No-Marks Waistband Moisture Wicking,₹729.00,4.4 out of 5 stars,"1,406"
2026-08-20,Briefs,73,B0D37XW7JD,U.S. Polo ASSN. Mens OEB08 Pure Cotton Antibacterial Underwear Briefs - Pack of 2,₹467.00,4.3 out of 5 stars,187
2026-08-20,Briefs,75,B0H2QL31QB,Ethika Men's Extra Thin Elastic Underwear Long Comfortable Ice Silk Breathable Comfort Brief-Boxer-Trunks Imported Material Multicolour,₹499.00,4.8 out of 5 stars,"1,376"
2026-08-20,Briefs,76,B0FDWYVXWT,Boldfit Briefs for Man Cotton Underwear for Men Breathable Anti Roll Waistband,₹507.57,4.4 out of 5 stars,102
2026-08-20,Briefs,77,B0F53Z6JSH,Jockey IC27 Men Tactel Microfiber Elastane Stretch Solid Brief with Moisture Move Properties_(Pack of 2),"₹1,049.00",4.4 out of 5 stars,146
2026-08-20,Briefs,78,B078ZXS1DV,Jockey 1017 Men Super Combed Cotton Solid Long Trunk Boxer Brief,₹299.00,4.0 out of 5 stars,"1,320"
2026-08-20,Briefs,79,B07KPL6ZFP,Jockey IC29 Men Tactel Microfiber Elastane Stretch Printed Brief,₹679.00,4.4 out of 5 stars,"1,437"
2026-08-20,Briefs,80,B073WC55S2,Van Heusen Men’s Cotton Boxer Briefs Pack of 3 | Long Trunk | No ride-up | Inner Elastic for superior comfort | Open front fly | Super Combed Cotton for softness | Moisture‑Wicking | Sweat Absorbant | All‑Day Fresh Technology | Long Lasting Colors |Soft Plush Waistband | Label‑Free Comfort | style 10031,₹851.00,4.1 out of 5 stars,"12,434"
2026-08-20,Shorts,1,B0DRFN3SBV,Lymio Men Shorts || Cotton Short for Men || with Pocket Style (Shorts-09-12),₹599.00,3.8 out of 5 stars,"1,582"
2026-08-20,Shorts,2,B00W05EFZ4,Jockey 9426 Men's Super Combed Cotton Rich Regular Fit Solid Shorts with Side Pockets,₹799.00,4.3 out of 5 stars,"9,695"
2026-08-20,Shorts,3,B08ZKST7N5,0-DEGREE Men's Regular Fit Shorts with Zip Pocket,₹275.00,3.8 out of 5 stars,"5,805"
2026-08-20,Shorts,4,B0FRTRNJHS,RynoGear Men's Shorts || Cotton Casual Shorts for Man || Shorts Pant for Men,₹548.00,4.0 out of 5 stars,594
2026-08-20,Shorts,5,B0GJL3DGDL,"Men's Cotton Casual Shorts |Striped Half Pants for Men |Comfortable | Elastic Waist with Drawstring | Lightweight & Comfortable for Beach Vacations, Casual Daily Outings & Sleepwear Bermuda Shorts",₹425.00,3.7 out of 5 stars,315
2026-08-20,Shorts,6,B0F8BT2J1X,Lymio Men Shorts || Cotton Short for Men || with Pocket Style (Packs Also Available) (Shorts-29-32),₹599.00,3.6 out of 5 stars,732
2026-08-20,Shorts,7,B0FD7T5XNK,SMOWKLY Authentics Classic Men's Corduroy Cargo Stretch Shorts |Half Pant with Drawstring & 4 Pockets | Lightweight & Quick Dry | Men Shorts Casual |Summer Shorts Pant for Men,₹495.00,3.7 out of 5 stars,"1,062"
2026-08-20,Shorts,8,B0GV49CR2R,RynoGear Cotton Shorts for Men || Shorts for Man Stylish || Men's Shorts | 100% Twill Cotton,₹597.00,4.2 out of 5 stars,66
2026-08-20,Shorts,9,B0H1BXY1CZ,Lymio Men Shorts | Men's Cargo Shorts | Regular Fit Casual Wear Short Pant for Men | Multi-Pocket Lightweight Cotton | Summer & Adventure Ready (SSM-S-05-08),₹429.00,3.0 out of 5 stars,55
2026-08-20,Shorts,10,B0F28S4YHK,Lux Cozi Men's Cotton Regular Fit Solid Shorts with Side Pockets & No Marks Waistband Gym Shorts for Men Workout Yoga Outdoor All Day Shorts for Men All Season Wear Cotton Pack of 1,₹398.00,4.0 out of 5 stars,438
2026-08-20,Shorts,11,B07XH2WNKY,Amazon Brand - Symbol Men's Cotton Regular Fit Chino Shorts |Slant Pockets,₹649.00,4.0 out of 5 stars,"7,815"
2026-08-20,Shorts,12,B0D9SCVPJ1,TAGDO® Men's Solid Cotton Shorts | Shorts Pant for Men | Shorts for Men (2003),₹579.00,3.9 out of 5 stars,"1,965"
2026-08-20,Shorts,13,B01BWL1EDM,"VEGO Mens Cotton Three By Fourth, 3/4, Capri, Three Quarter Grey Plus Size",₹589.00,4.2 out of 5 stars,"7,360"
2026-08-20,Shorts,14,B0BXXX772Z,THE Indian Garage CO Men Shorts,₹402.00,4.1 out of 5 stars,795
2026-08-20,Shorts,15,B07TLN6TB7,Amazon Brand - Symbol Men's Cotton Rich Stretchable Regular Fit Chino Shorts |Slant Pockets,₹449.00,4.0 out of 5 stars,"4,450"
2026-08-20,Shorts,16,B0D1QRKZZW,XYXX Men's Nova Cotton Regular Fit Solid Shorts with Side Pockets and No Marks Waistband,₹649.00,4.0 out of 5 stars,269
2026-08-20,Shorts,17,B01E2Y08YC,0-DEGREE Shorts for Men,₹698.00,3.6 out of 5 stars,"7,399"
2026-08-20,Shorts,18,B0H4Z958GS,JV CLOTH Men's 100% Pure Cotton Cargo Shorts | Regular Fit Solid Knee Length Shorts with Multiple Utility Pockets | Casual Outdoor Summer Shorts for Men,₹529.00,4.7 out of 5 stars,21
2026-08-20,Shorts,19,B0DRFMW6DN,Lymio Men Shorts || Cotton Short for Men || with Pocket Style (Packs Also Available) (Shorts-17-20),₹579.00,3.2 out of 5 stars,"1,217"
2026-08-20,Shorts,20,B0GSJWXGKH,RynoGear Linen Blend Shorts for Men || Shorts Pant for Men || Casual Shorts for Man,₹597.00,4.1 out of 5 stars,103
2026-08-20,Shorts,21,B0CNZD5RVN,"KART BLACK Plus Sizes Men's Cotton Knee Length Shorts(XXL,3XL,4XL,5XL,6XL,7XL,8XL Shorts) | Stripe Printed Shorts | Casual and Night Wear Mens Shorts",₹569.00,4.2 out of 5 stars,769
2026-08-20,Shorts,22,B0FRZ3XDJZ,"TAGDO Men's Cotton Cargo Shorts with Multi Pockets | Lightweight Casual Outdoor Shorts Pant for Men | Elastic Waist Drawstring Utility Shorts for Hiking, Camping and Daily Wear (2048)",₹599.00,3.8 out of 5 stars,399
2026-08-20,Shorts,23,B0CPJG5GNJ,"KART BLACK Plus Sizes Men's Cotton Knee Length Shorts(M,L,XL,XXL,3XL,4XL,5XL Shorts) | Casual and Night Wear Mens Shorts",₹999.00,4.3 out of 5 stars,"1,329"
2026-08-20,Shorts,24,B0892NJJMR,Mack Jonney Cotton Blended Regular Fit 3/4th Capri for Men,₹322.00,4.1 out of 5 stars,575
2026-08-20,Shorts,25,B0FT8X8RWB,Lymio Men Casual Shorts || Men Cargo Shorts Cotton || Available in Combo Pack of 2 (Shorts-42-45),₹599.00,3.4 out of 5 stars,138
2026-08-20,Shorts,26,B0DZP5T8HH,"SMOWKLY Men's Premium Corduroy Casual Ribbed Shorts | Loose Fit Burmuda | Elastic & Drawstring Waist with 2 Pocket | Lightweight Perfect for Workout, Beach & Summer |Shorts Pant for Men",₹497.00,3.9 out of 5 stars,727
2026-08-20,Shorts,27,B08D9QPGCQ,Mack Jonney Cotton Blended Regular Fit Three Fourth Capri for Men(Pack of 3),₹998.00,4.1 out of 5 stars,796
2026-08-20,Shorts,28,B0GX71X714,Lymio Shorts for Men | Denim Shorts for Men | Regular Fit Casual Jean Half Pants Knee Length Trousers (LMHP-56-57),₹748.00,4.8 out of 5 stars,15
2026-08-20,Shorts,29,B0F3HT647T,GRECIILOOKS Denim Shorts for Men Stylish | Casual Knee Length Washed Jorts | Regular Fit Jeans Half Pant for Men with Distressed Design | Bermuda Mens Shorts for Summer Travel Streetwear,₹729.00,4.2 out of 5 stars,286
2026-08-20,Shorts,30,B0H4BVW9M4,"Boldfit Cargo Shorts for Man Gym, Running Shorts Half Pant for Man",₹699.00,4.6 out of 5 stars,27
2026-08-20,Shorts,51,B0FDL38FRC,XYXX Zen Solid Shorts for Men with Side Pockets and Drawstring |Relaxed Fit Shorts,₹799.00,4.0 out of 5 stars,93
2026-08-20,Shorts,52,B0GX76FJY7,Lymio Shorts for Men | Denim Shorts for Men | Regular Fit Casual Jean Half Pants Knee Length Trousers (LMHP-54-55),₹748.00,4.8 out of 5 stars,11
2026-08-20,Shorts,53,B0D17LQQNW,DOBAD Men's Cotton Shorts | Shorts for Mens | Mens Shorts…,₹449.00,3.8 out of 5 stars,"1,619"
2026-08-20,Shorts,54,B09BJWVKV8,"DaMENSCH Textured Shorts, Microfiber Running Shorts for Men, Quick Dry Gym Shorts Mens Workout, Hidden Pocket with Zipper Sports Shorts for Man",₹993.00,4.0 out of 5 stars,929
2026-08-20,Shorts,55,B0FKYWRPCJ,INKKR Men's Cargo Linen Shorts Beach Shorts Drawstring Elastic Multi Pocket Plain Comfort Breathable Knee Length Cotton Shorts,₹589.00,3.1 out of 5 stars,40
2026-08-20,Shorts,56,B0F8BXDPL7,"Leriya Fashion Men’s Cotton Cargo Shorts with Elastic Drawstring Waist | Multiple Utility Pockets & Zipper Side Pocket | Summer Shorts for Daily Outfits, Hiking, Trekking & Street Style",₹599.00,3.4 out of 5 stars,152
2026-08-20,Shorts,57,B0F6FM5MPD,Q - RIOUS Mens Casual Sweat Cargo Cotton Shorts Drawstring Elastic Waist Athletic Workout Gym Jogger Shorts with 5 Pockets,₹409.00,4.1 out of 5 stars,270
2026-08-20,Shorts,58,B0G4N561KV,Lymio Men Shorts || Three Quarter Pant for Men || 3/4 Casual Cotton Shorts (Short-46-49),₹699.00,3.8 out of 5 stars,63
2026-08-20,Shorts,59,B0D6KTHKYY,Bigbanana Plus Size Men's Regular Fit Solid Shorts,₹659.00,4.1 out of 5 stars,96
2026-08-20,Shorts,60,B0BRL1L5RS,The Indian Garage Co Men Slim Fit Solid Mid-Rise Chino Shorts,₹495.00,3.9 out of 5 stars,686
2026-08-20,Shorts,61,B0B58KPC9G,Men's Comfort Shorts || Regular Fit Shorts for Men with One Side Zipper Pocket...,₹449.00,3.9 out of 5 stars,"2,114"
2026-08-20,Shorts,62,B0FHHFXJWN,Vogaan Men's Shorts || Casual Men Shorts Cotton || Half Pant for Man || Cargos Shorts,₹618.00,3.7 out of 5 stars,182
2026-08-20,Shorts,63,B0DDBY9W5S,Thomas Scott Men's | Solid | Chino Shorts | Regular Fit | 100% Cotton | Above Knee | Casual Short,₹199.00,4.1 out of 5 stars,6
2026-08-20,Shorts,64,B0BXXWTCQS,THE Indian Garage CO Men Shorts,₹402.00,4.0 out of 5 stars,80
2026-08-20,Shorts,65,B0GL7NKXQW,Lymio Men Shorts || Cotton Short for Men || with Pocket Style || Packs Also Available (Shorts-64-67),₹899.00,3.7 out of 5 stars,28
2026-08-20,Shorts,66,B0C59HH58G,Thomas Scott Men's | 100% Cotton | Solid | Above Knee | Button Closure | Chino | Casual Shorts for Men,₹499.00,3.9 out of 5 stars,183
2026-08-20,Shorts,67,B0GFNH17D7,SMOWKLY Men’s Cotton Casual Shorts |Knee Length Regular Fit Half Pant for Men| Elastic Waist with Drawstring | Regular Fit Shorts | Bermuda Shorts for Men | Lightweight Perfect for Workout & Beach,₹537.00,3.7 out of 5 stars,287
2026-08-20,Shorts,68,B0GRV57QX4,"Samfor Men Shorts || Shorts for Men ||Men's Premium Casual Shorts || Loose Fit Lightweight Shorts Perfect for Workout, Beach & Summer",₹399.00,4.5 out of 5 stars,15
2026-08-20,Shorts,69,B0CHRPD2YM,U.S. Polo ASSN. Men's IYBF Solid Logo Knit Lounge Shorts,₹705.00,4.1 out of 5 stars,634
2026-08-20,Shorts,70,B08CKKKWRQ,Mack Jonney Cotton Blended Regular Fit 3/4th Capri for Men-C1_0001_P,₹345.00,4.1 out of 5 stars,812
2026-08-20,Shorts,71,B09H4QF8Z6,Neo Garments Men's Cotton Regular Casual Short Pant with Pocket - Pack of 2,₹690.00,4.1 out of 5 stars,"1,348"
2026-08-20,Shorts,72,B0GH7PMDTM,Tagas Men's Shorts |Shorts for Mens| Casual (S'horts) for Men |Men shortscotton|,₹759.00,3.9 out of 5 stars,30
2026-08-20,Shorts,73,B0BRKZ3TRX,The Indian Garage Co Men Slim Fit Solid Mid-Rise Denim Shorts,₹580.00,4.1 out of 5 stars,263
2026-08-20,Shorts,74,B0FTZTSFWT,RUGAN Men's Cotton Capri Three Fourth Shorts Dual Zipper 3/4th Pants Pack2,₹459.00,4.1 out of 5 stars,153
2026-08-20,Shorts,75,B0BJF1159H,Jockey AM14 Men Super Combed Cotton Rich Straight Fit Shorts with Zipper Pockets,"₹1,119.00",4.3 out of 5 stars,"1,125"
2026-08-20,Shorts,76,B0GKVXMFRV,"GRECIILOOKS Linen Short For Men| Linen Shorts For Men Stylish |Men's Casual Summer Shorts - Lightweight Drawstring Lounge Short with Pockets, Breathable Relaxed Fit Athletic Sweat Short's",₹549.00,3.9 out of 5 stars,39
2026-08-20,Shorts,77,B0G258VLBJ,"Pepe Jeans Men's Solid Cotton Poly Blend Regular Fit Active Shorts | Lightweight Athleisure Shorts for Gym, Sports & Casual Wear | Soft Breathable Fabric | Elastic Waist with Drawcord | Side Pockets",₹587.00,4.0 out of 5 stars,"1,601"
2026-08-20,Shorts,78,B086D6N85M,Bigbanana Plus Size Men's Regular Fit Shorts,₹675.00,4.5 out of 5 stars,298
2026-08-20,Shorts,79,B09RQS4WKZ,"Stylcozy Men's Regular Fit Cotton Three by Fourth, 3/4th, Man Capri, Capris, Three Quarter, Capri for Men, Printed, Sports Running, Three Quarte, Casual Lounge Short, Nightwear Sleep Shorts, Pack of 2",₹699.00,4.1 out of 5 stars,452
2026-08-20,Shorts,80,B084VPG3GQ,Jockey IM02 Men Tencel Micro Modal Cotton Elastane Stretch Regular Fit Checkered Sleep Shorts with Side Pockets,₹999.00,4.4 out of 5 stars,634
2026-08-20,Loungewear,1,B0DY4448L4,Majestic Man Men's Regular Fit Mid Rise Casual Style Pure Cotton Pyjama Bottom,₹499.00,4.0 out of 5 stars,895
2026-08-20,Loungewear,2,B0DK5HWJ3H,Vogaan Men's T-Shirt and Shorts Set | Top & Shorts Night Suits Set | Night Wear for Men,₹498.00,3.9 out of 5 stars,325
2026-08-20,Loungewear,3,B084F7TZ1R,See Designs Men's Cotton Pyjama Bottom,₹419.00,4.0 out of 5 stars,"3,093"
2026-08-20,Loungewear,4,B0F88B9ZM9,"GRECIILOOKS Co-ord Set for Men Solid POLY LYCRA BLEND T-Shirt & Shorts Nightwear Set | Summer Loungewear, Beachwear & Night Suit for Daily Comfort",₹598.00,3.9 out of 5 stars,140
2026-08-20,Loungewear,5,B0GC6WS268,TAGDO® Men's Solid Co-Ord Set | Cuban Collar | Half Sleeve Shirt | Straight Fit Trouser | Casual Outfit | Regular Fit | Vacation & Resort Wear (2058),₹799.00,4.0 out of 5 stars,193
2026-08-20,Loungewear,6,B0FFN74TYR,Jawdrobe Men’s Waffle-Check Co-Ord Set | Self-Textured Collar Top | Drawstring Jogger Pants | Cotton-Blend Loungewear/Night-Suit | Casual Travel & Streetwear Two-Piece,₹797.00,3.8 out of 5 stars,665
2026-08-20,Loungewear,7,B0CC57SBCG,"Urban Scottish Men's Lounge Pants 100% Cotton Men's Lounge Night Pant Comfortable Leisure-Wear Lower with an Elastic Waist-Band and Regular Fit Track Pants, Machine Washable Stay at Home",₹430.00,4.0 out of 5 stars,901
2026-08-20,Loungewear,8,B0BRSGTHNW,Aatman One Size Men's Eco-Friendly Cotton Pyjama Pack of 2 | Fits Waist Size 28 to 36 Inches,₹948.00,3.9 out of 5 stars,"2,382"
2026-08-20,Loungewear,9,B09GW3GCKL,Aatman One Size Men's Eco-Friendly Cotton Pyjama | Fits Waist Size 28 to 36 Inches,₹549.00,3.8 out of 5 stars,"2,660"
2026-08-20,Loungewear,10,B0CBJXWV5M,SMOWKLY Men Night Suits Set | Men's T-Shirt and Shorts Set | Co ord Set for man | Casual Nightwear & Loungewear | Pajama Set for man | Co-ord Set for Men,₹497.00,3.7 out of 5 stars,873
2026-08-20,Loungewear,11,B07D4HMLR4,XYXX Men's Checkmate 100% Super Combed Cotton Regular Fit Pyjamas,₹729.00,3.9 out of 5 stars,"5,577"
2026-08-20,Loungewear,12,B08XW539XT,U.S. POLO ASSN. Men I690 Comfort Fit Solid Cotton Casual Style Lounge Pants,₹972.16,3.8 out of 5 stars,"1,091"
2026-08-20,Loungewear,13,B0H2VJ69WJ,XYXX Combed Cotton Solid Drawsting Pyjama for Men,"₹1,249.00",4.5 out of 5 stars,18
2026-08-20,Loungewear,14,B0F99FD7WT,Amazon Brand - Symbol Men's Relaxed Full Elasticated Cotton Pants,₹448.00,4.1 out of 5 stars,178
2026-08-20,Loungewear,15,B0GJ63TK6G,Amazon Brand - Symbol mens 100% Cotton Pyjama/Lounge Pants |Regular Fit | Printed | Available in Plus Sizes,₹499.00,4.1 out of 5 stars,49
2026-08-20,Loungewear,16,B07F8NQDQ1,"XYXX Mens Cotton Regular Fit Checkered Pyjama | Dual Pockets, Comfortable Lounge Pants for Men","₹1,392.00",4.0 out of 5 stars,"3,335"
2026-08-20,Loungewear,17,B0BZZ8JYZG,"DaMENSCH Cotton Lounge Elasticated Waistband, Bermuda Pants, Relaxed Fit, Home Shorts for Men",₹799.00,3.9 out of 5 stars,"1,083"
2026-08-20,Loungewear,18,B0GDG3CL4N,DIGITAL SHOPEE mens Men's Pyjama,₹394.00,3.6 out of 5 stars,144
2026-08-20,Loungewear,19,B0DT9D5DRD,"DAMENSCH Relaxed Fit Premium Cotton Casual Style, Dual Pockets, Ultra light, Breathable, Anti-Bacterial, Stretchable, Soft Comfortable, Lounge Pyjamas For Men",₹929.00,4.1 out of 5 stars,123
2026-08-20,Loungewear,20,B0F896B9VM,Majestic Man Men Mid Rise Comfort Fit Solid Pure Cotton Casual Style Lounge Pants,₹549.00,3.7 out of 5 stars,180
2026-08-20,Loungewear,21,B0H6WQFDJ6,Beyoung Cotton Loose Fit Pyjama For Men | Pure Cotton | Elasticated Waistband | Casual Style | Nightwear For Men | Lounge Pants,₹854.00,4.0 out of 5 stars,500
2026-08-20,Loungewear,22,B0GRD1B6RY,"Men's Pyjama Bottoms with Side Stripe, Black and Grey, Cotton Blend, Elastic Waistband with Drawstring, Relaxed Fit, 2 Pack",₹479.00,4.5 out of 5 stars,13
2026-08-20,Loungewear,23,B0CHRN89DY,U.S. Polo ASSN. Men's IYBF Solid Logo Knit Lounge Shorts,₹705.00,4.1 out of 5 stars,634
2026-08-20,Loungewear,24,B0DWN6JQW5,SleepZ by Raymond Men Regular Fit Solid Pattern Pure Cotton Sleepwear Pyjama,₹629.00,3.9 out of 5 stars,159
2026-08-20,Loungewear,25,B0CDH9NKW3,XYXX Men's Checkmate Super Combed Cotton Regular Fit Pyjamas (Pack of 2),"₹1,399.00",4.0 out of 5 stars,527
2026-08-20,Loungewear,26,B09KVFD7MT,DAMENSCH Regular Fit Cotton Blend Woven Casual Style Pyjama Dual Pockets Breathable Microfibre Waistband Anti-Bacterial Stretchable Soft Comfortable Pyjama For Men,₹959.00,4.0 out of 5 stars,"1,365"
2026-08-20,Loungewear,27,B0D983PB6K,"U.S. Polo ASSN. Mens OELP6 Mid Rise Solid Lounge Track Pants, Comfort Fit",₹989.00,3.8 out of 5 stars,402
2026-08-20,Loungewear,28,B08LVGXJP9,DIGITAL SHOPEE Men's Cotton Checkered Casual Style Pajama Lower Pant Pack Of 3,₹494.00,3.4 out of 5 stars,912
2026-08-20,Loungewear,29,B0C1SPN7MM,DHRUVI TRENDZ Co Ord Set for Men | Trendy Night Dress for Boys | T-Shirt and Shorts Combo for Lounge | Stylish Summer and Travel Wear | Men's Matching Two-Piece for Vacation,₹529.00,3.7 out of 5 stars,390
2026-08-20,Loungewear,30,B0F88BNK5S,"GRECIILOOKS Men’S Summer Casual Two Piece Outfit, Textured Button Down Shirt and Shorts Set, Lightweight Poly Blend Co-Ord for Beach, Travel & Lounge Wear",₹648.00,4.1 out of 5 stars,16
2026-08-20,Loungewear,51,B0BZWC5FMD,DAMENSCH Men Pyjama,₹959.00,4.0 out of 5 stars,519
2026-08-20,Loungewear,52,B0873TB8HX,Jockey IM03 Men Tencel Micro Modal Cotton Elastane Stretch Regular Fit Pyjama with Side Pockets_(Colors & Prints May Vary),"₹1,299.00",4.2 out of 5 stars,836
2026-08-20,Loungewear,53,B0CW978NLC,U.S. Polo ASSN. Mens OES01 Cotton Stretch Lounge Shorts,₹800.00,3.9 out of 5 stars,197
2026-08-20,Loungewear,54,B09B7PFVFJ,Mack Jonney Cotton Blend Casual Style Pyjamas for Men(Pack of 2)-D10_0002-P,₹647.00,3.9 out of 5 stars,"1,109"
2026-08-20,Loungewear,55,B0GY58HG6W,XYXX Ultra-Breathable Solid Cotton Chambray Pyjamas For Men,"₹1,099.00",4.3 out of 5 stars,27
2026-08-20,Loungewear,56,B097BK53SX,"Urban Scottish 100% Comfortable Men's Lounge Pants, Leisure-Wear withn Elastic Waist-Band & Regular Fit, Machine Washable Stayt Home Clothing, Expert Craftsmanship Featuring Plush to The Touch Feel",₹472.00,3.9 out of 5 stars,367
2026-08-20,Loungewear,57,B012SXG7SA,Jockey US26 Men Super Combed Cotton Rib Square Neck Gym Vest Regular Fit,₹319.00,4.3 out of 5 stars,"3,397"
2026-08-20,Loungewear,58,B0GQPVK6WT,SMOWKLY Men’s Corduroy Pyjama Set | Half Sleeve Polo T Shirt & Shorts for Men | Daily Co Ord Set |Casual Lounge Outfit | Night Suit for Men | Comfortable Sleepwear,₹547.00,3.9 out of 5 stars,12
2026-08-20,Loungewear,59,B0C65WD8ZW,"Leriya Fashion Co-ord Set for Men T-Shirt & Shorts Nightwear Set | Summer Loungewear, Beachwear & Night Suit for Daily Comfort, Rayon, Striped",₹444.00,3.4 out of 5 stars,200
2026-08-20,Loungewear,60,B0F53N2CLQ,Vogaan Men's T-Shirt and Shorts Set | Top & Shorts Night Suits Set | Night Wear for Men | Holiday Outfits for Men's,₹568.00,4.7 out of 5 stars,16
2026-08-20,Loungewear,61,B0H7HR98BS,Amul Comfy Men's Cotton Rich Printed Bermuda-Pack of 3- Assorted,₹747.00,4.1 out of 5 stars,4
2026-08-20,Loungewear,62,B0DH2S3334,"WEET Cotton T-Shirt and Shorts Set for Men,Night Wear for Men,Men's Pyjama Set",₹949.00,4.1 out of 5 stars,58
2026-08-20,Loungewear,63,B0FCSBH15F,U.S. POLO ASSN. Mens OELP8 Relaxed Fit Cotton Linen Lounge Pants,"₹1,359.00",4.2 out of 5 stars,75
2026-08-20,Loungewear,64,B0FSZSHGWJ,"GRECIILOOKS Men's Co Ord Set |Printed Shirt and Shorts Set for Men |Summer Loungewear, Beachwear & Night Suit for Daily Comfort | Nightwear Set for Mens",₹649.00,3.7 out of 5 stars,221
2026-08-20,Loungewear,66,B0H7HYM35S,Amul Comfy Men's Cotton Rich Printed Bermuda- Assorted,₹249.00,5.0 out of 5 stars,2
2026-08-20,Loungewear,67,B0D1CJPHKS,BULLMER Clothing Set with Trendy Shirt & Pants Co-ords for Men,₹799.00,3.4 out of 5 stars,159
2026-08-20,Loungewear,68,B0D9HDFG9W,HOODMASTER Men's Cotton Night Suit Set of Top & Knee Length Shorts with Round Neck Half Sleeves Solid Pattern Regular Fit and Standard Length | Mens Cotton Night Suit | T-Shirt and Shorts Sets,₹795.00,4.1 out of 5 stars,70
2026-08-20,Loungewear,69,B0GX698LNX,Lux Cozi Men's Cotton Regular Fit Solid Shorts with Side Pockets & No Marks Waistband Gym Shorts for Men Workout Yoga Outdoor All Day Shorts for Men All Season Wear Cotton Pack of 1,₹585.00,4.0 out of 5 stars,438
2026-08-20,Loungewear,70,B0G4DNKVRZ,"DIGITAL SHOPEE Men's Cotton Checkered Pajama Bottoms, Multicolor Plaid Lounge Pants, Pack of 3",₹379.00,3.7 out of 5 stars,13
2026-08-20,Loungewear,71,B0C9T471R8,DHRUVI TRENDZ Rayon Co-Ord Set for Men | Men's Cord Set | Night Suit for Men | T-Shirt and Shorts Set for Men | Night Dress for Men | Pyjama Set for Men,₹529.00,3.8 out of 5 stars,243
2026-08-20,Loungewear,72,B0BVHZLTVP,"London Hills Cotton Blend Casual Round Neck Co-ord Set for Men's Half Sleeve Oversized T-Shirt and Shorts, Printed Casual Sleepwear & Loungewear Nightdress Night Suits Set",₹599.00,3.9 out of 5 stars,132
2026-08-20,Loungewear,73,B09XR13DL8,Aatman One Size Men's Eco-Friendly Cotton Pyjama | Fits Waist Size 28 to 36 Inches,₹549.00,3.8 out of 5 stars,605
2026-08-20,Loungewear,75,B0GS5VTPF4,"Labnin India Men s Linen Blend Cord Set Loungewear Solid| Lightweight Breathable Summer Co-ord Set | Relaxed Fit Shirt & Elastic Waist Pants | Comfortable Travel, Beach & Casual Lounge Wear| S-2XL |","₹1,470.00",4.4 out of 5 stars,10
2026-08-20,Loungewear,76,B09P345ZVZ,"Urban Scottish 100% Comfortable Men's Lounge Pants, Leisure-Wear Withn Elastic Waist-Band & Regular Fit, Machine Washable Stayt Home Clothing, Expert Craftsmanship Featuring Plush to The Touch Feel",₹299.00,4.0 out of 5 stars,31
2026-08-20,Loungewear,77,B079W13J3Q,Amazon Brand - Symbol Men's Cotton Rich Strechable Knit Shorts - Regular Fit,₹399.00,4.1 out of 5 stars,"1,287"
2026-08-20,Loungewear,78,B0DT18WD62,"WEET Cotton T-Shirt and Shorts Set for Men,Night Wear for Men,Men's Pyjama Set MCS112",₹949.00,4.7 out of 5 stars,12
2026-08-20,Loungewear,79,B0CJMHQZY7,RamRaj Trends White Cotton Pyjama for Men - 100% Pure Lucknowi Naada Pajama,₹298.00,3.4 out of 5 stars,101
2026-08-20,Loungewear,80,B0H1VQZ6BW,Symbol Premium Men's 100% Cotton Super Soft Solid Pyjamas | Elasticated Waistband | Dual Side Pockets | Available in Plus Sizes,₹699.00,3.8 out of 5 stars,9
2026-08-20,Swimwear,1,B0GX5XQD5N,"JUST RIDER Swimwear Half Sleeve T-Shirt and Shorts for Men & Women Men's Swimming T-Shirt and Swimming Shorts Set, Polyester, Quick-Dry, Chlorine-Resistant, Flatlock Seams",₹489.00,4.0 out of 5 stars,46
2026-08-20,Swimwear,2,B09TWD32PF,JUST RIDER Unisex Swimming Shorts Trunk,₹269.00,4.0 out of 5 stars,"2,598"
2026-08-20,Swimwear,3,B09ZY9JQV4,JUSTWIN Swimwear Half Sleeve T-Shirt and Shorts for Men & Women,₹498.00,3.9 out of 5 stars,"1,525"
2026-08-20,Swimwear,4,B0C93MMFWG,Boldfit Swim Jammers for Man Swimming Short,₹449.00,4.2 out of 5 stars,"1,098"
2026-08-20,Swimwear,5,B0F26FWDJK,Boldfit Swimming Costume for Man Stretchable Swimming Shorts for Men Adult Quick Dry Swim Shorts for Men Breathable Swim Trunks for Boys Lightweight,₹599.00,4.1 out of 5 stars,199
2026-08-20,Swimwear,6,B0F3XV8Z3P,"Boldfit Swimming Shorts for Men's Quick-Dry Poly-Spandex Swim Shorts – Lightweight, Breathable, Stretch-Fit with Drawstring Waist for Active & Casual Use-Black",₹349.00,4.2 out of 5 stars,271
2026-08-20,Swimwear,7,B09SPZVM98,JUST RIDER Swimwear Swimming Shorts Trunk for Men & Women,₹219.00,4.0 out of 5 stars,"2,072"
2026-08-20,Swimwear,8,B0DV9HJJVB,Speedo Men's Endurance 10 Short Sleeve Suntop,"₹1,399.00",4.3 out of 5 stars,87
2026-08-20,Swimwear,9,B0F9PFD5TS,XYXX Intellidri Aqua Swim Shorts for Men with Side Pockets and Drawstring,"₹1,049.00",3.9 out of 5 stars,110
2026-08-20,Swimwear,10,B0D37RGYP7,"SLOVIC Swimming Shorts for Men | Swimming Costume for Men | Swim Trunk, Boys Swim Suit for Boys Easy Adjustable, Breathable, Quick Drying Shorts, Running",₹549.00,4.3 out of 5 stars,279
2026-08-20,Swimwear,11,B0GCC98FSJ,"PROBEROS® Swim Trunks for Men, Quick-Dry Polyester Beach Shorts with Inner Lining, Elastic Drawstring Waist, Tropical Palm Leaf Fashion Lightweight Beach Wear for Swimming, Vacation & Traval, 3XL",₹842.00,4.0 out of 5 stars,36
2026-08-20,Swimwear,13,B0GPKTWVDW,FITFORTH Swimming Costume for Man | Co Ords for Men | Swim Suit for Men – Lightweight Quick Dry Beach & Gym Set Built to Water & Training,₹997.00,3.6 out of 5 stars,16
2026-08-20,Swimwear,14,B0FMS2QN17,JUST RIDER Swimming Shorts for Men Black Swimming Costume for Men Swimming Trunk (Pack of 2),₹369.00,3.9 out of 5 stars,44
2026-08-20,Swimwear,15,B0DV9G632G,Speedo Men's 4 Way Flex Essential Printed Watershorts with Side Pockets | Water Repellent | Internal Drawcord | Wide Waistband Swimming Trunks,"₹1,999.00",4.3 out of 5 stars,52
2026-08-20,Swimwear,16,B0GNZZNCRL,JUST RIDER Men’s Swim Shorts with Zipper Pocket | Quick Dry Swimming Trunks | Lightweight Beach & Pool Swimwear | Elastic Waist Sports Shorts for Swimming,₹299.00,3.8 out of 5 stars,28
2026-08-20,Swimwear,17,B0CX99KWNW,"NEVER LOSE Mens 5"" Swim Trunks with Zipper Pockets Quick Dry Beach Board Shorts for Men Swimsuit Swimwear with Mesh Lining",₹399.00,4.1 out of 5 stars,395
2026-08-20,Swimwear,18,B0H2LHBB6R,"Bummer Men’s Quick-Dry Printed Swim Shorts for Adult | Lightweight Swim Trunks with Inner Mesh | Soft Waistband, Deep Pockets & Velcro Pocket | Beach, Pool & Vacation Swimwear Suit Costume for Man","₹1,199.00",3.0 out of 5 stars,3
2026-08-20,Swimwear,19,B0GPQ7T9Z9,"LIMEE Men’s Swimming Shorts | Quick Dry Stretch Swim Trunks with Drawstring | Lightweight Breathable Beach Wear, Pool, Gym & Running Shorts",₹549.00,3.7 out of 5 stars,15
2026-08-20,Swimwear,20,B09ZV2Q4B2,Tempest Boy Men's Swimming Kit with 1 Swimming Shorts | Costume | Trunk Swimming 1 Anti Fog Swimming Goggles 1 Silicone Swimming Cap 1 Nose Clip 2 Ear Plugs,₹499.00,4.0 out of 5 stars,152
2026-08-20,Swimwear,21,B0857TFCHQ,Speedo Men's Xpress Lite Essential Medley Logo Printed Watershorts,"₹1,899.00",4.2 out of 5 stars,195
2026-08-20,Swimwear,22,B07ST28PHH,"SportsFitt Swimming Combo Kit Regular Fit (28in to 34in) Short, Goggles, Silicone Cap, 2Pc Ear Plugs, 1 Pc Nose Clip, Suit",₹499.00,3.8 out of 5 stars,739
2026-08-20,Swimwear,23,B01JM5R1DW,ROVARS Men's Swimwear,₹403.00,4.1 out of 5 stars,634
2026-08-20,Swimwear,24,B0GLHC1KVM,"FABSPORTS Men's Quick Dry Swim Shorts/Trunks with Inner Lining | Lightweight 2-in-1 Athletic Shorts for Swimming, Gym & Outdoors | 95% Polyester 5% Spandex, Floral & Geometric Prints",₹699.00,3.6 out of 5 stars,6
2026-08-20,Swimwear,25,B0BW91F8LZ,Speedo Men's Xpress Lite Essential Placement Printed Watershorts,"₹1,899.00",4.2 out of 5 stars,41
2026-08-20,Swimwear,26,B0GHSYPHJ2,"Long Swimming Trunk for Men and Boys | Swimming Shorts (Black Trunk with Assorted Print, Plz Refer Size Chart)",₹499.00,4.0 out of 5 stars,14
2026-08-20,Swimwear,27,B0CW92122S,U.S. Polo ASSN. Mens OES01 Cotton Stretch Lounge Shorts,₹738.00,3.9 out of 5 stars,197
2026-08-20,Swimwear,28,B0GX6S7FLS,"FITFORTH Swimming Trunks for Men | Swim Shorts for Men | Swimming Shorts – Swimwear Stretchable Fit, Adjustable Waist, Quick-Drying, Comfortable All-Day Wear",₹497.00,5.0 out of 5 stars,4
2026-08-20,Swimwear,29,B0FQKG9W8Y,"Aesthetic Armour Men's Physique Onyx Board Shorts, Olympia Fit Shorts, Polyester Elastane Construction, Hook Loop Fly","₹1,999.00",5.0 out of 5 stars,5
2026-08-20,Swimwear,30,B0F6K9RFPP,"Aqua Holic Spandex Men's Swimming Pants Solid Regular Fit | Stylish & Comfortable, Attractive Design, Multi-Purpose, Long-Lasting | Ideal for Casual Outings - Black",₹499.00,4.0 out of 5 stars,5
2026-08-20,Swimwear,51,B0BJ5WJRFH,AQUA Premium SwimWear | Swimsuit | Swimming Costume | T-Shirt & Shorts For Men,₹499.00,3.3 out of 5 stars,126
2026-08-20,Swimwear,52,B0GPRBSYKW,"LIMEE Swimming Shorts for Men & Boys, Adjustable Swim Suit, Breathable Quick Dry Swimming Trunks, Sports Shorts for Swimming, Running & Beach Wear",₹399.00,5.0 out of 5 stars,4
2026-08-20,Swimwear,53,B0CS4DY4J3,Speedo Men's Recycled Polyster Printed Leisure Watershorts,"₹1,999.00",4.4 out of 5 stars,247
2026-08-20,Swimwear,54,B09RQ8G5JS,"USI Universal Shorts for Men, 411PSBK Men's Standard Physique Board Short, Fitness Shorts, Polyester Elastane Construction, Hook Loop Fly (Size: S, Color: Black)",₹828.00,4.6 out of 5 stars,6
2026-08-20,Swimwear,55,B0GG8MC8YR,Speedo Men's Endurance 10 Medley Logo Aquashort,"₹1,224.57",4.0 out of 5 stars,210
2026-08-20,Swimwear,56,B0D2DNBPBB,SHIFTER Men Swimming Shorts Trunks Costume| Premium Lycra Nylon Blend Fabric for Great Comfort | Stretchable | Ideal Swimwear for Boys,₹299.00,3.8 out of 5 stars,21
2026-08-20,Swimwear,57,B0CZHZKFK5,LYCOT Men's Sandow Rash Guard | Athletic Compression Top for Swimming & Outdoor Activities MSRG 01 Sandow,₹499.00,3.8 out of 5 stars,4
2026-08-20,Swimwear,58,B0FF5WDX4C,"Imperative Swimming Shorts for Mens, Black with Blue Side Panel, Swimming Trunk for Men, Quick-Drying Swim Shorts for Men",₹299.00,3.0 out of 5 stars,1
2026-08-20,Swimwear,59,B0BX73FP8C,"HAPPENING Plus Size Men Pure Linen Comfort Fit Shorts (Bermuda) - HIGH Rise- Thigh Length - Light Beige Color - Non Stretch Fabric- Elastic Waist to Fit (2XL) 36"" to (7XL) 46"" inches",₹999.00,5.0 out of 5 stars,1
2026-08-20,Swimwear,60,B0CTXBB5CC,Aqua Holic Swimming T-Shirt Half Sleevs for Men | Quick-Dry UPF 50 Swim Tshirt,₹399.00,3.6 out of 5 stars,63
2026-08-20,Swimwear,61,B0DK4Z7668,LEBAMI Swimming Jammers Trunks Costume for Men | Premium Comfortable Fabric Beach wear Shorts | Longer Length | Four Way Stretch Fabric,₹403.00,3.9 out of 5 stars,22
2026-08-20,Swimwear,63,B0F29STD2R,LYCOT Men's Printed Comfortable Surfing Beach Shorts with 3 Pockets,₹999.00,3.4 out of 5 stars,4
2026-08-20,Swimwear,64,B0GJXG8CDG,Venzina® Sunscreen Jacket for Men Fishing Sun Protection Jacket UPF 50+ Cooling Quick Dry All Over Print Tie Dye Eco Fabric Camping Urban Outdoor,₹999.00,4.0 out of 5 stars,5
2026-08-20,Swimwear,66,B0DWFWZ1LF,Max URB_N Men Solid Shorts,₹709.00,5.0 out of 5 stars,6
2026-08-20,Swimwear,67,B0GQ3B3LP1,ANJOR Premium Swimming Tights and Full Sleeves Tshirt for Men,₹699.00,1.0 out of 5 stars,1
2026-08-20,Swimwear,68,B0BNJLLXGP,Style Quotient Men Black Floral Printed Swim Shorts,₹472.92,3.3 out of 5 stars,13
2026-08-20,Swimwear,71,B0GMW36Q6P,Aqua Holic Premium Swimming Tights and Full Sleeves Tshirt for Men,₹699.00,2.5 out of 5 stars,12
2026-08-20,Swimwear,72,B0DV9JK1ZS,Speedo Men's Endurance10 Graphic Print Essential Aquashort Swimming Trunks | Chlorine Resistance | Shape Retention Fabric | UPF 40+ Sun Protection | Drawstring Waist,"₹1,199.00",2.9 out of 5 stars,2
2026-08-20,Swimwear,73,B0GX9Y6CFM,"FITFORTH Swimming Shorts for Men | Swimming Trunks for Men | Swim Shorts – Swimwear Quick Dry, Stretchable Fit, Adjustable Waist – Lightweight, Easy Movement, Ready to Use Anytime",₹597.00,5.0 out of 5 stars,1
2026-08-20,Swimwear,75,B0CYQ253Z7,"DENIMHOLIC Swimming Costume for Men, Swimming Shorts for Men, Swimwear for Men, Swim Shorts for Men, Swimming Trunks for Men,",₹199.00,3.8 out of 5 stars,16
2026-08-20,Swimwear,76,B0DP66T18Y,"Proberos® Men's Short CasualSummer Beach Shorts Quick Dry- L | Fashion Gradient Print, Flexible Movement, Lightweight Woven Fabric, Secure Waist Fit, Beach and Pool Use",₹611.00,4.1 out of 5 stars,33
2026-08-20,Swimwear,78,B0D87HM1VY,GUSTAVE® Sun Protection jacket for Men Full Zip UPF 50+ Sun Protection Hoodie Jacket Long Sleeve Lightweight Breathable UV Shirts with Pockets,₹899.00,4.0 out of 5 stars,115
2026-08-20,Swimwear,79,B0CBPMFCST,SHIFTER Men Long Jammers Swimming Shorts Trunks Costume| Premium Lycra Nylon Blend Fabric for Great Comfort | Stretchable Fabric | Ideal Swimwear for Boys,₹525.00,4.0 out of 5 stars,198
2026-08-20,Tees & Polos,1,B06Y2FG6R7,"Allen Solly Men’s Polo T‑Shirt | Comfortable Rich Cotton Blend, Band Collar, Regular Fit | Stylish & Premium All Day Wear",₹699.00,4.1 out of 5 stars,"82,375"
2026-08-20,Tees & Polos,2,B07MZG27XK,Amazon Brand - Symbol Men's Cotton Rich Solid Polo Tshirt | Collar Tshirts | Half Sleeves | Plain-Regular Fit (Available in Plus Sizes and Combo Pack of 2),₹399.00,3.9 out of 5 stars,"39,788"
2026-08-20,Tees & Polos,3,B076CMJXML,Van Heusen Men's Cotton Solid Regular Fit Collar Polo T-Shirt,₹699.00,4.0 out of 5 stars,"45,135"
2026-08-20,Tees & Polos,4,B0D4VQ5NDD,Louis Philippe Men's Slim Fit Single-Tuck Pique Stylized Sleeve Print and Contrast Tipping Half Sleeve Solid Cotton Polo Tshirt,₹869.00,4.0 out of 5 stars,"1,617"
2026-08-20,Tees & Polos,5,B0F4NGRKY4,DEELMO Men's Casual Button Down Shirts Long Sleeve Linen Shirt Fashion Textured Beach Summer Shirt,₹495.00,4.0 out of 5 stars,"1,255"
2026-08-20,Tees & Polos,6,B09XMV6125,Peter England Men's Regular Fit Insignia Half Sleeve Polo T-Shirt | Cotton Rich | Premium Pique Weave,₹648.00,4.0 out of 5 stars,"4,186"
2026-08-20,Tees & Polos,7,B0CVXR2T43,Lux Cozi Men's Half Sleeve Soild Casual Regular Fit T-Shirt with Chest Pocket | Polo Tshirt for Men,₹395.00,3.9 out of 5 stars,"3,834"
2026-08-20,Tees & Polos,8,B0CBX4JKQ9,U TURN Men's Casual Printed Striped Stylish Latest Formal Plus Size Shirt for Men | Cotton Mix 220 GSM,₹398.00,3.5 out of 5 stars,"2,381"
2026-08-20,Tees & Polos,9,B0C1RY2VXR,Peter England Men's Snug Fit Solid Polo T-Shirt with Coloured Collar Tipping| Cotton Rich| Premium Pique Weave,₹602.10,4.1 out of 5 stars,"3,135"
2026-08-20,Tees & Polos,10,B081QJRMW9,Amazon Brand - Symbol Men's Solid Cotton Formal Shirt | Plain | Full Sleeve - Regular Fit (Available in Plus Sizes),₹549.00,3.9 out of 5 stars,"11,170"
2026-08-20,Tees & Polos,11,B012STPJMY,Jockey 2714 Men Super Combed Cotton Rich Round Neck Half Sleeve T-Shirt,₹536.00,4.2 out of 5 stars,"21,424"
2026-08-20,Tees & Polos,12,B0FXRWKV4C,DEELMO Men’s Stylish Cotton Blend Casual Shirt || Full Sleeve Button-Down Shirt with Dual Flap Pockets || Comfortable Breathable Fabric || Perfect for Casual Office and Outing Wear,₹495.00,3.6 out of 5 stars,"1,525"
2026-08-20,Tees & Polos,13,B07XK9H5KF,"Levi's 025 Men's Premium Soft Cotton Solid T-Shirt - Round Neck, Short Sleeves with Side Branding (Pack of 1) Regular Fit",₹396.00,4.1 out of 5 stars,"5,789"
2026-08-20,Tees & Polos,14,B0CK2B9ZZD,Van Heusen Men’s Crew Neck T-Shirt – Soft & Breathable Cotton | Regular Fit | Comfortable Everyday Casual Wear | Short Sleeves | Summer Favorite |Solid Colors | Style 60052|Available in Pack of 1 & 2,₹497.00,4.0 out of 5 stars,"1,567"
2026-08-20,Tees & Polos,15,B0DJYKXSQR,BULLMER Trendy Printed Cotton Blend Crew Neck/Round Neck Half Sleeve Tshirt for Men - Pack of 3,₹473.00,3.5 out of 5 stars,"2,662"
2026-08-20,Tees & Polos,16,B0GTVPKDSD,Scott International Men's Rich Cotton Regular Fit Striper Polo T-Shirt |,₹399.00,3.6 out of 5 stars,593
2026-08-20,Tees & Polos,17,B07CYX8R5J,Amazon Brand - Symbol Men's Cotton Shirt | Casual | Plain | Full Sleeve | Summer - Regular Fit (Available in Plus Sizes),₹549.00,3.8 out of 5 stars,"9,036"
2026-08-20,Tees & Polos,18,B073X4KMH6,Amazon Brand - Symbol Men's Solid Cotton T Shirt | Round Neck | Half Sleeve | Plain-Regular Fit (Available in Plus Sizes),₹349.00,4.0 out of 5 stars,"19,747"
2026-08-20,Tees & Polos,19,B0GSGWB3RM,boffi ... 100% Cotton Oversized T-Shirt Unisex Drop Shoulder Dye Washed Street Look Black Pack of 1,₹332.00,3.5 out of 5 stars,"1,810"
2026-08-20,Tees & Polos,20,B0BHW7W1CV,Peter England Men's Everyday Solid Slim Fit Full Sleeve Formal Shirt | Cotton-Rich,₹845.10,3.9 out of 5 stars,"2,145"
2026-08-20,Tees & Polos,21,B00W066T66,Jockey 9930 Men Super Combed Cotton Rib Solid Round Neck Muscle Vest Regular Fit,₹339.00,4.2 out of 5 stars,"10,621"
2026-08-20,Tees & Polos,22,B0DP7M6DRY,Lymio Polo T Shirt for Men || T Shirt for Man || Collar T Shirt Style Men (Packs Also Available) (Polo-40-43),₹429.00,3.6 out of 5 stars,919
2026-08-20,Tees & Polos,23,B0FHDL7JY8,LEOTUDE Men's Half Sleeve Round Neck Cottonblend Graphic Print Oversized,₹298.00,3.9 out of 5 stars,"1,141"
2026-08-20,Tees & Polos,24,B0GKV18R4N,AUSK Baggy Hip-Hop T-Shirt for Men - Graphic Printed T Shirts || Oversized Men Tshirt || T-Shirts,₹298.00,3.4 out of 5 stars,311
2026-08-20,Tees & Polos,25,B0FMFCQ633,"MADHAVISTA Combo of Men’s Casual Cotton Blend Shirt || Long Sleeve Button Down with Spread Collar | Lightweight Breathable Fabric | Stylish Solid Shirt for Beach, Office & Everyday Wear Pack of 2",₹495.00,3.7 out of 5 stars,461
2026-08-20,Tees & Polos,26,B0CK6LC8QR,Majestic Man Men Classic Slim Fit Pure Cotton Casual Shirt,₹499.00,3.9 out of 5 stars,"2,280"
2026-08-20,Tees & Polos,27,B0D4VP8B4M,Louis Philippe Men's Slim Fit Premium High-End Pique in Superior Cotton Cut & Sew Design Color Block Shoulder Half Sleeve Polo Tshirt,"₹1,160.10",4.1 out of 5 stars,968
2026-08-20,Tees & Polos,28,B0C96YJ1HS,Lux Cozi Men's Cotton Solid Polo Tshirt | Collar Tshirts | Half Sleeves | Stylish & Premium All Day Wear | Pack of 1 Regular Fit,₹380.00,3.8 out of 5 stars,"8,257"
2026-08-20,Tees & Polos,29,B0CGLLYV2D,CB-COLEBROOK Men's Regular Fit Solid Soft Touch Cotton Casual Shirt with Pocket Design with Spread Collar & Full Sleeves (Available in Plus Size),₹495.00,3.6 out of 5 stars,"4,563"
2026-08-20,Tees & Polos,30,B0HBQVNZYW,"DEEMOON Men's Premium Cotton Blend Printed Checkered Shirt | Full Sleeve Plaid Casual Button-Down Shirt | Soft & Comfortable Regular Fit | Office, Travel & Everyday Wear",₹494.00,4.1 out of 5 stars,10
2026-08-20,Tees & Polos,51,B0C4PTVBV7,Sleepynuts Men's Regular Fit Round Neck Half Sleeves Solid Casual Wear T-Shirt,₹999.00,3.8 out of 5 stars,"1,635"
2026-08-20,Tees & Polos,52,B0CNM4VGHP,DEELMO Men's Cotton Blend Mandarin Collar Self One Design Full Sleeve Casual Short Kurta,₹485.00,3.5 out of 5 stars,"2,480"
2026-08-20,Tees & Polos,53,B0DXCY8V4R,NexaFlair Men's Shirt Regular Fit Solid Pattern Linen Cotton with Long Sleeve Collared Neck Standard Length and Button Down Closure Type | Mens Casual Shirts | Man's Formal Shirts,₹465.00,3.1 out of 5 stars,"1,082"
2026-08-20,Tees & Polos,54,B0GMXNS8GB,London Hills Men’s Loose Fit Half Sleeve Vertical Striped Polo T-Shirt with Zip Collar | Premium Polyester Fabric | T Shirt for Man | Tshirt | Shirts Men | Tshirt for Man | Men T-Shirts,₹399.00,3.8 out of 5 stars,348
2026-08-20,Tees & Polos,55,B0B5YFFCQF,Van Heusen Solid Formal Shirt for Men| Premium Cotton| Full Sleeves| Slim Fit |Breathable Fabric,"₹1,160.10",3.9 out of 5 stars,"3,983"
2026-08-20,Tees & Polos,56,B0F47XBRB4,Highlander Men Shirt,₹504.00,4.0 out of 5 stars,"1,087"
2026-08-20,Tees & Polos,57,B0D5M32WBW,Louis Philippe Men's Regular Fit Easy to Iron Everyday wear Premium Cotton Full Sleeve Solid Formal Shirt,"₹1,448.10",4.2 out of 5 stars,579
2026-08-20,Tees & Polos,58,B0HDJ3H6WV,AWG ALL WEATHER GEAR 100% Cotton Polo T Shirt for Men | Soft & Breathable Fabric | Regular Fit | Half Sleeve Polo Collar T Shirt | Casual & Office Wear | Comfortable & Durable Mens Polo T Shirt,₹599.00,2.5 out of 5 stars,2
2026-08-20,Tees & Polos,59,B0D357S3PV,Boldfit Tshirt for Man Regular fit Gym t Shirts for Men Workout Active wear t Shirt for Man Running Mens t-Shirts Running Tshirt for Men Workout Gym wear Mens,₹519.00,4.0 out of 5 stars,636
2026-08-20,Tees & Polos,60,B0CWV7716Y,Pinkmint Men's Solid Shirt | Soft Cotton Blend | Casual Shirt | Plain | Full Sleeve - Regular Fit (Available in Plus Size),₹399.00,3.5 out of 5 stars,"1,026"
2026-08-20,Tees & Polos,61,B0BXLMFN4R,THE Indian Garage CO Men Polycotton Slim Fit Shirt,₹542.00,4.0 out of 5 stars,"1,889"
2026-08-20,Tees & Polos,62,B0BPSWKRWV,FTX Men Polyester Regular Fit T-Shirt,₹388.00,3.8 out of 5 stars,"3,095"
2026-08-20,Tees & Polos,63,B0G4MN79JN,Lymio Men Shirt || Solid Shirt for Man || Full Sleeve || Casual Style (Packs Also Available) (Utility),₹549.00,3.7 out of 5 stars,22
2026-08-20,Tees & Polos,64,B0C1HC6184,AMERICAN CREW Polo Collar T-Shirt for Men with Pocket,₹699.00,4.2 out of 5 stars,"1,125"
2026-08-20,Tees & Polos,65,B07SK7RZBF,Amazon Brand - Symbol Men's Cotton Rich Polo T Shirt | Mandarin Collar Tshirts | Half Sleeves | Plain - Regular Fit (Available in Plus Sizes),₹399.00,4.0 out of 5 stars,"11,361"
2026-08-20,Tees & Polos,66,B0D5HR322C,"Louis Philippe Men's Slim Fit Signature Oxford Easy Care, Natural Stretch Full Sleeve Solid Casual Shirt, Cotton","₹1,471.00",4.1 out of 5 stars,748
2026-08-20,Tees & Polos,67,B0H23BGB1W,Imsa Moda Men's Textured Fabric Solid Half-Open Collar T-Shirt | Full Sleeve Casual Shirt for Men | Comfortable Fall Wear,₹350.00,4.1 out of 5 stars,62
2026-08-20,Tees & Polos,68,B0DWS93932,Lymio Polo T Shirt for Men || T Shirt for Man || Collar T Shirt Style Men (Packs Also Available) (Polo-59-62),₹399.00,3.8 out of 5 stars,685
2026-08-20,Tees & Polos,69,B0CWP3L91R,Nobero Men's Graphic Printed Regular Fit Cotton T-Shirt (Pack of 3),₹999.00,3.9 out of 5 stars,"1,382"
2026-08-20,Tees & Polos,70,B0DBD19H3N,Majestic Man Men Comfort Slim Fit Checked Pure Cotton Half Sleeve Casual Shirt,₹499.00,4.1 out of 5 stars,"1,083"
2026-08-20,Tees & Polos,71,B0GGB88C74,IndoPrimo Men’s Striped Shirt | Premium Slim Fit Full Sleeve Formal Casual Shirt | Button-Down Cotton Shirt for Office,₹398.00,4.0 out of 5 stars,239
2026-08-20,Tees & Polos,72,B0GYJ8R15C,Scott International Men's Regular Fit T-Shirt | Men's T-Shirt | Tees for Man | Tshirt for Men Stylish | Round Neck Tshirt for Man,₹299.00,3.7 out of 5 stars,"43,356"
2026-08-20,Tees & Polos,73,B07PNBZ2CR,ONN Men's Polo,₹519.00,4.0 out of 5 stars,"3,475"
2026-08-20,Tees & Polos,74,B0H752HH7J,QUTUN Men's Premium Waffle Knit Henley Tshirt for Men,₹349.00,4.5 out of 5 stars,21
2026-08-20,Tees & Polos,75,B0CVSBJ8J6,Peter England Men's Slim Fit Full Sleeve Striped Formal Shirt | Cotton Rich | Wonder Fabric | Pin Point Oxford,₹939.00,4.3 out of 5 stars,368
2026-08-20,Tees & Polos,76,B08FJXPXHS,Amazon Brand - Symbol Men's Cotton Shirt | Kurta Placket Style | Casual | Plain | Full Sleeve | Summer - Regular Fit (Available in Plus Sizes),₹549.00,4.0 out of 5 stars,"3,394"
2026-08-20,Tees & Polos,77,B0DZP268MG,Amul Comfy Men’s Vest | 100% Cotton Single Jersey Fabric | U Neck Sleeveless Innerwear | Ultra Soft Hand Feel | Seamless Body | Superior Comfort Color May Vary (Pack of 3),₹214.00,4.1 out of 5 stars,492
2026-08-20,Tees & Polos,78,B0F47SWSNL,Highlander Men Shirt,₹450.00,4.0 out of 5 stars,"1,214"
2026-08-20,Tees & Polos,79,B0DZNNKQ3R,JVX Men T-Shirt | Full Sleeve T Shirt(MRT-209),₹499.00,3.7 out of 5 stars,"1,572"
2026-08-20,Tees & Polos,80,B073ZLQK9G,Amazon Brand - Symbol Men's Cotton Formal Shirt | Plain | Full Sleeve - Regular Fit (Available in Plus Sizes),₹549.00,3.8 out of 5 stars,"14,525"
2026-08-21,Bestsellers in Men's Clothing,1,B06Y2FG6R7,"Allen Solly Men’s Polo T‑Shirt | Comfortable Rich Cotton Blend, Band Collar, Regular Fit | Stylish & Premium All Day Wear",₹699.00,4.1 out of 5 stars,"82,375"
2026-08-21,Bestsellers in Men's Clothing,2,B07MZM26XG,Amazon Brand - Symbol Men's Cotton Rich Solid Polo Tshirt | Collar Tshirts | Half Sleeves | Plain-Regular Fit (Available in Plus Sizes and Combo Pack of 2),₹399.00,3.9 out of 5 stars,"39,788"
2026-08-21,Bestsellers in Men's Clothing,3,B0DGX12XXV,"SWAGR 12 Pairs Sports Cotton Ankle Length Socks for Men, Pack of 12., Assorted",₹196.99,4.1 out of 5 stars,"7,373"
2026-08-21,Bestsellers in Men's Clothing,4,B0CJFQWSYZ,Jockey 8009 Men Super Combed Cotton Solid Long Trunk Boxer Brief(Pack of 3),₹820.00,4.2 out of 5 stars,"4,175"
2026-08-21,Bestsellers in Men's Clothing,5,B012SX56OG,Jockey IC28 Men Tactel Microfiber Elastane Stretch Solid Trunk with Moisture Move Properties,₹629.00,4.4 out of 5 stars,"14,083"
2026-08-21,Bestsellers in Men's Clothing,6,B076CMJXML,Van Heusen Men's Cotton Solid Regular Fit Collar Polo T-Shirt,₹699.00,4.0 out of 5 stars,"45,135"
2026-08-21,Bestsellers in Men's Clothing,7,B014213DS8,Jockey 8037 Men Super Combed Cotton Solid Brief with Ultrasoft Waistband_(Pack of 2),₹398.00,4.3 out of 5 stars,"14,888"
2026-08-21,Bestsellers in Men's Clothing,8,B0DWK2B887,KOTTY Mens Regular Fit|Classic Design with Stylish Look |Day Comfort|Mide Rise Strachable Jeans,₹520.00,3.7 out of 5 stars,"2,556"
2026-08-21,Bestsellers in Men's Clothing,9,B0D4VQ5NDD,Louis Philippe Men's Slim Fit Single-Tuck Pique Stylized Sleeve Print and Contrast Tipping Half Sleeve Solid Cotton Polo Tshirt,₹869.00,4.0 out of 5 stars,"1,617"
2026-08-21,Bestsellers in Men's Clothing,10,B071KKRY5N,Lux Cozi Men's White Round Neck Sleeveless Cotton Vest (Pack of 3),₹349.00,4.2 out of 5 stars,"14,393"
2026-08-21,Bestsellers in Men's Clothing,11,B0FBWMFNLC,"DAMENSCH Form Shapewear for Men, Comfortable and Stretchy Body Shaper for Man, Posture Correcting Tummy Tucker, Breathable Gynecomastia Compression T Shirt, Ideal for Parties Shirt Tucker for Men",₹979.00,3.5 out of 5 stars,654
2026-08-21,Bestsellers in Men's Clothing,12,B00W04OTYM,Jockey 8820 Men's Super Combed Cotton Round Neck Sleeveless Vest with Extended Length for Easy Tuck (Pack of 3),₹647.00,4.3 out of 5 stars,"12,785"
2026-08-21,Bestsellers in Men's Clothing,13,B073WCLVH6,Van Heusen Men’s Cotton Boxer Briefs Pack of 2 | Long Trunk | No ride-up | Super Combed Cotton for softness | Open Front Fly | Moisture‑Wicking | Sweat Absorbant | All‑Day Fresh Technology | Long Lasting Colors |Soft Plush Waistband | Label‑Free Comfort | style 10032,₹518.00,4.1 out of 5 stars,"17,551"
2026-08-21,Bestsellers in Men's Clothing,14,B0DHXJT8HR,"ROYALSCOUT Men's Cotton Polyester Blend Solid Regular Fit Full Sleeve Short Kurta | Ethnic, Lightweight Summer Kurta for Daily & Occasion Use",₹495.00,4.0 out of 5 stars,"3,135"
2026-08-21,Bestsellers in Men's Clothing,15,B0F4NGRKY4,DEELMO Men's Casual Button Down Shirts Long Sleeve Linen Shirt Fashion Textured Beach Summer Shirt,₹495.00,4.0 out of 5 stars,"1,255"
2026-08-21,Bestsellers in Men's Clothing,16,B09XMV6125,Peter England Men's Regular Fit Insignia Half Sleeve Polo T-Shirt | Cotton Rich | Premium Pique Weave,₹648.00,4.0 out of 5 stars,"4,187"
2026-08-21,Bestsellers in Men's Clothing,17,B07X63HHPH,Levi's 010 Classic Boxer Briefs for Men | 100% Pure Cotton | Breathable | Branded Inner Elastic | Anti-Roll Waistband | Supportive Gusset | Functional Fly | No Ride-Up Long Length Fit | Pack of 2,₹440.00,4.1 out of 5 stars,"12,553"
2026-08-21,Bestsellers in Men's Clothing,18,B0DB5FHWGV,Mehrang Men's Stretchable Stretchable Formal Pant Trousers | Stylish Slim Fit Men's Wear Trousers for Office or Party | Polycotton Knitted Fabric,₹299.00,3.5 out of 5 stars,"2,763"
2026-08-21,Bestsellers in Men's Clothing,19,B0C1RY2VXR,Peter England Men's Snug Fit Solid Polo T-Shirt with Coloured Collar Tipping| Cotton Rich| Premium Pique Weave,₹602.10,4.1 out of 5 stars,"3,135"
2026-08-21,Bestsellers in Men's Clothing,20,B08R8X6QB2,Peter England Men Cotton Ankle Length Socks,₹295.00,4.0 out of 5 stars,"4,699"
2026-08-21,Bestsellers in Men's Clothing,21,B0BWPGC2PR,"SWAGR Ankle Socks for Men & Women, Multicolor, Pack of 5, Free Size",₹115.00,3.9 out of 5 stars,"5,670"
2026-08-21,Bestsellers in Men's Clothing,22,B0C3HRWRBF,"ZORO Men's Genuine Leather Belt for Men | Black,Brown,Tan",₹269.00,4.0 out of 5 stars,"2,628"
2026-08-21,Bestsellers in Men's Clothing,23,B0CBX5119W,U TURN Men's Casual Printed Striped Stylish Latest Formal Plus Size Shirt for Men | Cotton Mix 220 GSM,₹398.00,3.5 out of 5 stars,"2,381"
2026-08-21,Bestsellers in Men's Clothing,24,B0FVY7GNBN,Men's Cotton Baggy Trackpants | Oversized Fit Streetwear & Gym Wear | Comfortable Casual Joggers for Men,₹299.00,3.8 out of 5 stars,"1,742"
2026-08-21,Bestsellers in Men's Clothing,25,B012STPJMY,Jockey 2714 Men Super Combed Cotton Rich Round Neck Half Sleeve T-Shirt,₹530.00,4.2 out of 5 stars,"21,424"
2026-08-21,Bestsellers in Men's Clothing,26,B0CVXR2T43,Lux Cozi Men's Half Sleeve Soild Casual Regular Fit T-Shirt with Chest Pocket | Polo Tshirt for Men,₹395.00,3.9 out of 5 stars,"3,834"
2026-08-21,Bestsellers in Men's Clothing,27,B0DRFN3SBV,Lymio Men Shorts || Cotton Short for Men || with Pocket Style (Shorts-09-12),₹599.00,3.8 out of 5 stars,"1,583"
2026-08-21,Bestsellers in Men's Clothing,28,B0DF794BDK,Lymio Cargo for Men | Cotton Cargo Pant | Drawstring Waist Pant (Also Available in Plus Sizes) (46-49),₹799.00,3.5 out of 5 stars,"1,698"
2026-08-21,Bestsellers in Men's Clothing,29,B0B5GYS4YC,XYXX Men's Aero Super Combed Cotton Regular Fit Solid Antimicrobial Trunks with No Marks Waistband (Pack of 2),₹439.00,4.0 out of 5 stars,"5,996"
2026-08-21,Bestsellers in Men's Clothing,30,B081QJRMW9,Amazon Brand - Symbol Men's Solid Cotton Formal Shirt | Plain | Full Sleeve - Regular Fit (Available in Plus Sizes),₹549.00,3.9 out of 5 stars,"11,171"
2026-08-21,Bestsellers in Men's Clothing,51,B0BK1HQZD4,"HAMMONDS FLYCATCHER Genuine Leather Belt for Men, Premium Leather Belt with Auto Lock mechanism, Mens Belt Leather Branded with Slide Lock for Everyday Wear",₹889.00,4.4 out of 5 stars,"2,655"
2026-08-21,Bestsellers in Men's Clothing,52,B01420KN9G,Jockey Men Boxer Briefs,₹550.00,4.2 out of 5 stars,"13,363"
2026-08-21,Bestsellers in Men's Clothing,53,B0GSGXJX7Y,boffi ... 100% Cotton Oversized T-Shirt Unisex Drop Shoulder Dye Washed Street Look Black Pack of 1,₹332.00,3.5 out of 5 stars,"1,810"
2026-08-21,Bestsellers in Men's Clothing,54,B073X4KMH6,Amazon Brand - Symbol Men's Solid Cotton T Shirt | Round Neck | Half Sleeve | Plain-Regular Fit (Available in Plus Sizes),₹349.00,4.0 out of 5 stars,"19,747"
2026-08-21,Bestsellers in Men's Clothing,55,B0HBQVNZYW,"DEEMOON Men's Premium Cotton Blend Printed Checkered Shirt | Full Sleeve Plaid Casual Button-Down Shirt | Soft & Comfortable Regular Fit | Office, Travel & Everyday Wear",₹494.00,4.1 out of 5 stars,10
2026-08-21,Bestsellers in Men's Clothing,56,B00W062UQO,Jockey 9930 Men Super Combed Cotton Rib Solid Round Neck Muscle Vest Regular Fit,₹359.00,4.2 out of 5 stars,"10,621"
2026-08-21,Bestsellers in Men's Clothing,57,B0FMFCQ633,"MADHAVISTA Combo of Men’s Casual Cotton Blend Shirt || Long Sleeve Button Down with Spread Collar | Lightweight Breathable Fabric | Stylish Solid Shirt for Beach, Office & Everyday Wear Pack of 2",₹495.00,3.7 out of 5 stars,461
2026-08-21,Bestsellers in Men's Clothing,58,B0C3DBY5WV,Pepe Jeans Men's Solid Cotton Poly Regular Fit Track Pants | Relaxed Athleisure Sportswear for Gym & Leisure Wear | Durable Poly Cotton Blend | Adjustable Elastic Waist with Drawstring | Dual Pockets,₹749.00,3.8 out of 5 stars,"3,420"
2026-08-21,Bestsellers in Men's Clothing,59,B07X42YDKZ,Levi's 001 Classic Boxer Brief for Men | 100% Pure Cotton | Solid | Mid-Rise Men's Underwear | Anti-Roll Waistband | Durable Comfort with Extra Supportive Gusset | Functional Fly | Pack of 2,₹434.00,3.9 out of 5 stars,"5,085"
2026-08-21,Bestsellers in Men's Clothing,60,B0D4VPH1YB,Louis Philippe Men's Slim Fit Premium High-End Pique in Superior Cotton Cut & Sew Design Color Block Shoulder Half Sleeve Polo Tshirt,"₹1,160.10",4.1 out of 5 stars,968
2026-08-21,Bestsellers in Men's Clothing,61,B07CYX8R5J,Amazon Brand - Symbol Men's Cotton Shirt | Casual | Plain | Full Sleeve | Summer - Regular Fit (Available in Plus Sizes),₹549.00,3.8 out of 5 stars,"9,036"
2026-08-21,Bestsellers in Men's Clothing,62,B01CP5V3SA,Jockey FP04 Men Super Combed Cotton Rib Round Neck Sleeveless Vest Regular Fit,₹349.00,4.3 out of 5 stars,"8,605"
2026-08-21,Bestsellers in Men's Clothing,63,B0DP7M6DRY,Lymio Polo T Shirt for Men || T Shirt for Man || Collar T Shirt Style Men (Packs Also Available) (Polo-40-43),₹429.00,3.6 out of 5 stars,920
2026-08-21,Bestsellers in Men's Clothing,64,B0G6KM9NS8,"Linen Pants for man | Lower for man | Chinos for Casual Wear |Straight fit Trouser for Men | Elastic Waist Brethable All Season Pants for Regular, Office Wear",₹745.00,3.9 out of 5 stars,"1,108"
2026-08-21,Bestsellers in Men's Clothing,65,B0BDYRFZYD,"Jockey US57 Men Super Combed Mercerized Cotton Woven Printed Boxer Shorts with Side Pockets_(Pack of 2, Prints May Vary)",₹999.00,4.1 out of 5 stars,"4,134"
2026-08-21,Bestsellers in Men's Clothing,66,B0CNKNMSBL,"Boldfit Arm Sleeves for Men & Women UV Protection Hand Sleeve with Thumb for Boys & Girls Sun Protection Cover for Running, Bike Riding, Cricket - Nylon - Black - 1 Pair",₹189.00,3.9 out of 5 stars,"3,485"
2026-08-21,Bestsellers in Men's Clothing,67,B0C96Y6V7Q,Lux Cozi Men's Cotton Solid Polo Tshirt | Collar Tshirts | Half Sleeves | Stylish & Premium All Day Wear | Pack of 1 Regular Fit,₹380.00,3.8 out of 5 stars,"8,257"
2026-08-21,Bestsellers in Men's Clothing,68,B0FHDL7JY8,LEOTUDE Men's Half Sleeve Round Neck Cottonblend Graphic Print Oversized,₹298.00,3.9 out of 5 stars,"1,141"
2026-08-21,Bestsellers in Men's Clothing,69,B07YT1GKKH,Amazon Brand - Symbol Men's Stretchable Formal Pants | Trousers (Slim Fit),₹799.00,3.8 out of 5 stars,"16,317"
2026-08-21,Bestsellers in Men's Clothing,70,B09X5RLGY5,Jockey 7036 Men Compact Cotton Terry Ankle Length Socks With StayFresh Treatment_(Pack of 3),₹432.00,4.1 out of 5 stars,"4,373"
2026-08-21,Bestsellers in Men's Clothing,71,B0GKV18R4N,AUSK Baggy Hip-Hop T-Shirt for Men - Graphic Printed T Shirts || Oversized Men Tshirt || T-Shirts,₹298.00,3.4 out of 5 stars,311
2026-08-21,Bestsellers in Men's Clothing,72,B07DN1BJ51,Allen Solly Mens Cotton Casual Shirt | Regular Collar | Soft Breathable Fabric | Everyday Smart Casual Wear,"₹1,099.00",3.7 out of 5 stars,"18,609"
2026-08-21,Bestsellers in Men's Clothing,73,B0CZL9H7J5,XYXX Men's Nova 100% Combed Cotton Regular Fit Polo T-Shirt,₹629.00,3.9 out of 5 stars,748
2026-08-21,Bestsellers in Men's Clothing,74,B01420GCWI,Jockey 8008 Men Super Combed Cotton Solid Long Trunk Boxer Brief(Pack of 2),₹520.00,4.3 out of 5 stars,"11,226"
2026-08-21,Bestsellers in Men's Clothing,75,B0DRFN3213,Lymio Polo T Shirt for Men || T Shirt for Man || Collar T Shirt Style Men (Packs Also Available) (Polo-51-54),₹529.00,3.6 out of 5 stars,806
2026-08-21,Bestsellers in Men's Clothing,76,B0CGLLYV2D,CB-COLEBROOK Men's Regular Fit Solid Soft Touch Cotton Casual Shirt with Pocket Design with Spread Collar & Full Sleeves (Available in Plus Size),₹495.00,3.6 out of 5 stars,"4,564"
2026-08-21,Bestsellers in Men's Clothing,77,B0DGDB5PF1,GRECIILOOKS Men's Loose Mid Rise Casual Trousers Pants | Regular | Sports Stylish Track Pant | Sweatpants (Available in Plus Size),₹499.00,3.8 out of 5 stars,"3,663"
2026-08-21,Bestsellers in Men's Clothing,78,B08353R4CD,Max Men's Polycotton Half Sleeves Regular Fit Solid Polo T-Shirt,₹329.00,4.0 out of 5 stars,"15,310"
2026-08-21,Bestsellers in Men's Clothing,79,B0CK6LC8QR,Majestic Man Men Classic Slim Fit Pure Cotton Casual Shirt,₹499.00,3.9 out of 5 stars,"2,280"
2026-08-21,Bestsellers in Men's Clothing,80,B08JQD1QYZ,"Supersox Calf Length Formal Office Socks for Man | Combed Cotton | Breathable, Moisture Absorbent & Anti-Odor | Free Size | Pack of 3",₹277.00,4.1 out of 5 stars,"4,300"
2026-08-21,Trunks,1,B012SX56OG,Jockey IC28 Men Tactel Microfiber Elastane Stretch Solid Trunk with Moisture Move Properties,₹629.00,4.4 out of 5 stars,"14,083"
2026-08-21,Trunks,2,B0B5GYS4YC,XYXX Men's Aero Super Combed Cotton Regular Fit Solid Antimicrobial Trunks with No Marks Waistband (Pack of 2),₹439.00,4.0 out of 5 stars,"5,996"
2026-08-21,Trunks,3,B08V56NV1B,"XYXX Men's Uno Micromodal Antimicrobial Trunks | Snug Fit, 4-Way Stretch & No-Marks Waistband Underwear for Men Combo (Pack of 2)",₹499.00,3.9 out of 5 stars,"8,459"
2026-08-21,Trunks,4,B0GWQSFZ98,SWAGR 5 Pack Men's Super Combed Cotton Underwear Trunks | Classic TruComfort Fit | Powered by ZincShield Anti-Bacterial Tech | Aerflo Breathability | 4-Way FlexStretch | SOXCO Style SG05,₹594.14,4.1 out of 5 stars,573
2026-08-21,Trunks,5,B0DXPPCRJQ,XYXX Men's Aero Super Combed Cotton Regular Fit Solid Antibacterial Trunk,"₹1,099.00",4.2 out of 5 stars,953
2026-08-21,Trunks,6,B071GYQ6SY,Lux Cozi Mens 100% Cotton Solid Mini Trunk | Mini Trunk Underwear for Men | Color and Print May Vary | Pack of 3,₹379.00,3.8 out of 5 stars,"7,708"
2026-08-21,Trunks,7,B07S3H5YXD,Levi's 003 Classic Trunk for Men | 100% Pure Cotton | Solid | Durable Comfort | Breathable Men's Underwear | Anti-Roll Waistband | Extra Supportive Gusset | No Ride-Up Leg Fit | Pack of 2,₹440.00,3.9 out of 5 stars,"6,637"
2026-08-21,Trunks,8,B0BL3HQP75,Lux Cozi Men's Cotton Bigshot Trunk - Pack of 3,₹369.00,3.9 out of 5 stars,"1,426"
2026-08-21,Trunks,9,B0FWBKJ29C,Jockey FP23 Men Super Combed Cotton Elastane Stretch Printed Trunk with Ultrasoft Waistband_(Prints May Vary),₹378.00,4.0 out of 5 stars,"6,045"
2026-08-21,Trunks,10,B08RHJZDXX,DAMENSCH Deo-Cotton Solid Underwear Pack of 1 Breathable Inner for Men Cotton Trunks for Men Pack No-Marks Waistband Mens Underwear Moisture Wicking Underwear for Men Combo,₹289.00,4.2 out of 5 stars,"1,616"
2026-08-21,Trunks,11,B0D3DN978Y,U.S. Polo ASSN. Mens OET06 Flag Elastic Antibacterial Underwear Trunks - Pack of 2,₹622.00,4.0 out of 5 stars,778
2026-08-21,Trunks,12,B0GWDCSW62,"DAMENSCH Men’s Compression Shapewear Trunk, Comfortable Stretchy Body Shaper, Posture Correcting Tummy Tucker, Breathable Support Underwear","₹1,199.00",3.9 out of 5 stars,93
2026-08-21,Trunks,13,B00WFSO8BC,Jockey 1015 Men's Super Combed Cotton Rib Solid Trunk with Stay Fresh Properties,₹299.00,4.1 out of 5 stars,"9,016"
2026-08-21,Trunks,15,B00W04L49K,Jockey US21 Men's Super Combed Cotton Elastane Stretch Solid Trunk with Ultrasoft Waistband,₹329.00,4.0 out of 5 stars,"15,831"
2026-08-21,Trunks,16,B0BQ6GMMVP,U.S. Polo ASSN. Mens ET002 Anti Microbial Branded Stretch Cotton Underwear Trunk -Pack of 2,₹654.00,4.0 out of 5 stars,"1,754"
2026-08-21,Trunks,17,B08RHNRQMC,DAMENSCH Deo-Cotton Printed Underwear for Men,₹879.00,4.2 out of 5 stars,"4,060"
2026-08-21,Trunks,18,B0F2SSLSS5,HEELIUM Bamboo Underwear Trunk for Men | 3X Softer Than Cotton & Odour Free | Stretchy Fabric & Durable Waistband,₹899.00,4.0 out of 5 stars,"1,009"
2026-08-21,Trunks,19,B0C6QVTF3L,Lux Cozi Men's Cotton Printed Mini Trunks Pack of 3 | Inner Elastic Waistband | Soft & Breathable Cotton Underwear for Men | Printed Mini Trunk | Comfortable Everyday Innerwear -Color & Print May Vary,₹449.00,3.8 out of 5 stars,"4,902"
2026-08-21,Trunks,20,B0B9GD6RNV,Jockey NY02 Men Super Combed Cotton Elastane Stretch Printed Trunk with Ultrasoft Waistband_(Prints May Vary),₹429.00,4.1 out of 5 stars,"1,457"
2026-08-21,Trunks,21,B08W9PNQM5,"XYXX Men's Uno Micromodal Antimicrobial Trunks | Snug Fit, 4-Way Stretch & No-Marks Waistband Underwear for Men Combo (Pack of 5)","₹1,249.00",4.0 out of 5 stars,"1,459"
2026-08-21,Trunks,22,B07N2QNF55,"DAMENSCH Deo-Soft Solid Supima Modal Fabric Trunk | 3x Softer than Regular Cotton, 5x Odour-Cancellation, Advanced Moisture Control, Lasts 2x Longer than Regular Modal Underwear",₹439.00,4.3 out of 5 stars,"1,700"
2026-08-21,Trunks,23,B0CJFTD6HQ,Jockey 8009 Men Super Combed Cotton Solid Long Trunk Boxer Brief(Pack of 3),₹840.00,4.2 out of 5 stars,"4,175"
2026-08-21,Trunks,24,B0CVSFMR7J,DAMENSCH Men Trunks,₹559.00,4.3 out of 5 stars,433
2026-08-21,Trunks,25,B098SMNF2H,"Dixcy Scott Cross Trunk | Long Leg Trunks for Men | 100% Combed Cotton | Soft, Sweat-Absorbent Waistband | C-Open Front Men's Underwear | Self-Hem Leg Grip Innerwear for Man | Pack of 3",₹364.00,3.8 out of 5 stars,"11,717"
2026-08-21,Trunks,26,B07X42YDKZ,Levi's 001 Classic Boxer Brief for Men | 100% Pure Cotton | Solid | Mid-Rise Men's Underwear | Anti-Roll Waistband | Durable Comfort with Extra Supportive Gusset | Functional Fly | Pack of 2,₹434.00,3.9 out of 5 stars,"5,085"
2026-08-21,Trunks,27,B08WRHNMJX,DAMENSCH Pack of 2 Regular Fit Printed Cotton Blend Anti-Bacterial Moisture Wicking Breathable Microfiber Waistband Stretchable Deo Cotton Trunk for Men,₹548.00,4.2 out of 5 stars,"3,528"
2026-08-21,Trunks,28,B07KPLFNYM,Jockey IC30 Men Tactel Microfiber Elastane Stretch Printed Trunk,₹649.00,4.3 out of 5 stars,"3,572"
2026-08-21,Trunks,29,B09KV212VR,Jockey 8015 Men Super Combed Cotton Solid Trunk (Pack of 2),₹549.00,4.1 out of 5 stars,"1,103"
2026-08-21,Trunks,30,B0B2DYBJNM,Jockey NY16 Men's Super Combed Cotton Elastane Stretch Solid Trunk with Ultrasoft Waistband (Colors & Prints May Vary),₹349.00,4.3 out of 5 stars,895
2026-08-21,Trunks,51,B0FFMGNFQ4,"Freecultr Air Micro Modal Men's Trunk | Pack of 7 (Monday to Sunday Combo) | Soft, Stretchable, Anti-Odour Fabric | Unique Colors | Comfortable Waistband","₹1,899.00",4.2 out of 5 stars,107
2026-08-21,Trunks,52,B071GYQGM6,"Lux Cozi Men's Long Trunk Underwear Pack of 3 | Premium Super Combed Cotton Boxer Briefs for Men | Breathable,Moisture-Wicking | Soft Waistband | Comfortable Innerwear | Color May Vary",₹496.00,4.0 out of 5 stars,"4,578"
2026-08-21,Trunks,53,B09KV1MFT4,Jockey 8015 Men's Super Combed Cotton Rib Solid Trunk with Ultrasoft Waistband,₹279.00,4.0 out of 5 stars,"7,690"
2026-08-21,Trunks,54,B0BCMPP744,"DAMENSCH Regular Fit Solid Trunks for Men Pack of 3| Combed Cotton, Stretchy Fabric, Anti-Bacterial and Microfibre Waistband",₹949.00,4.3 out of 5 stars,"2,490"
2026-08-21,Trunks,55,B0F541TH8Q,Jockey IC28 Men Tactel Microfiber Elastane Stretch Solid Trunk with Moisture Move Properties_(Pack of 2),"₹1,199.00",4.3 out of 5 stars,152
2026-08-21,Trunks,56,B0D8N6H51D,"Lux Classic Men's Inner Elastic Trunks - Pack of 5 (Color May Vary) | Premium 100% Cotton | Ultimate Comfort Breathable, Soft & Durable | Everyday Essential Lux Underwear",₹607.00,4.1 out of 5 stars,699
2026-08-21,Trunks,57,B00W03R71A,Jockey 8008 Men Super Combed Cotton Solid Long Trunk Boxer Brief(Pack of 2),₹526.00,4.3 out of 5 stars,"11,226"
2026-08-21,Trunks,58,B01H5FXAAO,Jockey IC25 Men Tencel Micro Modal Cotton Elastane Stretch Solid Trunk with Natural StayFresh Properties,₹449.00,4.1 out of 5 stars,"2,076"
2026-08-21,Trunks,59,B0FCM1CNTH,U.S. Polo ASSN. Mens ET004 Anti Microbial Cotton Stretch Essential Underwear Trunk -Pack of 2,₹631.00,4.0 out of 5 stars,"1,061"
2026-08-21,Trunks,60,B0B8YQDQ71,DaMENSCH Regular Fit Solid Cotton Blend Trunk Underwear Anti-Bacterial Moisture Wicking Breathable Microfibre Waistband Deo-Cotton Trunks for Men,₹599.00,4.3 out of 5 stars,"1,802"
2026-08-21,Trunks,61,B0CVXSXYX1,"DAMENSCH Men Solid Anti-Odour Peppermint Finish, Ultra Soft with Premium Shine EPP Classic Trunks",₹249.00,4.1 out of 5 stars,722
2026-08-21,Trunks,62,B0FP4LVKL8,Jockey IC44 Men Tactouch Microfiber Elastane Stretch Seamfree Bonded Tech Solid Trunk with Internal Breathable Mesh,₹865.00,3.8 out of 5 stars,67
2026-08-21,Trunks,63,B0DMW13SF6,U.S. Polo ASSN. Mens OET14 Anti Microbial Printed Cotton Blend Underwear Trunks - Pack of 3,"₹1,019.00",4.1 out of 5 stars,92
2026-08-21,Trunks,64,B08W5BHTDX,"XYXX Men's CloudSoft Micro Modal Trunks| Snug Fit, 4-Way Stretch & No-Marks Waistband Underwear for Man",₹269.00,4.2 out of 5 stars,404
2026-08-21,Trunks,65,B09RY1FV57,"Van Heusen Men's Trunk Pack of 1 | Air Series | Lightest Underwear | Mesh Fabric | Breathable Active Trunks | Moisture-Wicking & Sweat Absorbent | No Ride-Up Fit | Gym, Sports & Activewear Underwear | Style 40047",₹689.00,4.2 out of 5 stars,247
2026-08-21,Trunks,66,B07KXX1S4B,"XYXX Men's Cloudsoft Micromodal Premium Trunks|Antimicrobial, Snug Fit, No-Marks Waistband|Underwear for Men Combo (Pack of 2)",₹759.00,3.9 out of 5 stars,970
2026-08-21,Trunks,67,B0H28NBX88,"MERIWOOL Men's Ultra-Comfort Ice Silk Lycra Underwear | Moisture-Wicking, Breathable Boxers for Men | Seamless Design | (Any 3 Multicolor) Pack of 3",₹449.00,4.3 out of 5 stars,"1,435"
2026-08-21,Trunks,68,B07XYVG9TQ,"XYXX Men's Cloudsoft Micromodal Premium Trunks|Snug Fit, 4-Way Stretch, Soft No-Marks Waistband|Underwear for Men Combo (Pack of 3)","₹1,099.00",3.9 out of 5 stars,"2,320"
2026-08-21,Trunks,69,B0C5CRDHTC,Lux Cozi Men's Cotton Printed Inner Elastic Long Trunks for Men | Soft & Breathable Cotton Underwear | Comfortable Stretch Waistband | Printed Long Trunk Underwear | Color & Print May Vary - Pack of 5,₹836.00,4.0 out of 5 stars,815
2026-08-21,Trunks,70,B0BZW8W1ZN,XYXX Men's Dualist Micromodal Regular Fit Colorblock Antimicrobial Trunks with No Marks Waistband (Pack of 3),₹999.00,4.1 out of 5 stars,749
2026-08-21,Trunks,71,B0CDWCKKKC,Levi's 003 Classic Trunk for Men | 100% Pure Cotton | Solid | Durable Comfort | Breathable Men's Underwear | Anti-Roll Waistband | Extra Supportive Gusset | No Ride-Up Leg Fit | Pack of 4,₹853.00,3.6 out of 5 stars,38
2026-08-21,Trunks,72,B08W8LJ17H,"XYXX Men's Uno Micromodal Antimicrobial Trunks | Snug Fit, 4-Way Stretch & No-Marks Waistband Underwear for Men Combo (Pack of 3)",₹749.00,4.0 out of 5 stars,"5,115"
2026-08-21,Trunks,73,B08QND75DV,DAMENSCH Men's Modal Trunks,₹429.00,4.3 out of 5 stars,"1,177"
2026-08-21,Trunks,74,B07QLYCH1T,"XYXX_Cloudsoft Micromodal Shuffle_ Trunks for Men, Pack of 2",₹687.00,3.9 out of 5 stars,"3,356"
2026-08-21,Trunks,75,B08RDM6MGG,"Freecultr Men's Micromodal Airsoft Trunks – Anti-Bacterial, Sweat-Proof, Ultra-Soft, No Itch, No Chafing, Breathable Comfort Men's Underwear Combo Pack of 5","₹1,199.00",3.9 out of 5 stars,"3,105"
2026-08-21,Trunks,76,B0168IP09I,"Lux Cozi Men's Cotton Trunks Solid,Breathable (Pack of 5)",₹549.00,3.9 out of 5 stars,"4,022"
2026-08-21,Trunks,77,B084RWVRJY,"Freecultr Men's Underwear Micromodal Airsoft Trunk Comfortable – Sweat Proof, Non-Itch, No Chafing, Ultra Soft & Breathable Fabric | Mens Underwear Combo Pack of 2",₹418.00,3.9 out of 5 stars,"2,904"
2026-08-21,Trunks,78,B06XSHNB1L,XYXX Men's IntelliSoft Antimicrobial Micro Modal Ace Trunk,₹568.00,3.9 out of 5 stars,"3,282"
2026-08-21,Trunks,79,B0FC2BW42F,"XYXX Men's Cotton Modal Geometric Print Trunks | Antimicrobial, No-Marks Waistband Underwear for Men Combo (Pack of 2)",₹749.00,4.0 out of 5 stars,139
2026-08-21,Trunks,80,B0D8145KQ4,HIELABS Micromodal Pouch Underwear for Men | Regular Fit Trunk | Ultra Soft & Breathable | Anti Odour | Ultrasoft Waistband | Men AllDayFit | Pack of 2 with Two Different Colours | ALL Sizes,"₹1,059.00",4.3 out of 5 stars,466
2026-08-21,Vests,1,B071KKRY5N,Lux Cozi Men's White Round Neck Sleeveless Cotton Vest (Pack of 3),₹349.00,4.2 out of 5 stars,"14,393"
2026-08-21,Vests,2,B00W04OTYM,Jockey 8820 Men's Super Combed Cotton Round Neck Sleeveless Vest with Extended Length for Easy Tuck (Pack of 3),₹647.00,4.3 out of 5 stars,"12,785"
2026-08-21,Vests,3,B0FBWMFNLC,"DAMENSCH Form Shapewear for Men, Comfortable and Stretchy Body Shaper for Man, Posture Correcting Tummy Tucker, Breathable Gynecomastia Compression T Shirt, Ideal for Parties Shirt Tucker for Men",₹979.00,3.5 out of 5 stars,654
2026-08-21,Vests,4,B01CP5V3SA,Jockey FP04 Men Super Combed Cotton Rib Round Neck Sleeveless Vest Regular Fit,₹349.00,4.3 out of 5 stars,"8,605"
2026-08-21,Vests,5,B08BG3Z83R,"DAMENSCH Neo-Skin Round Neck Anti-Bacterial Bamboo Vest | Sustainable Bamboo Fabric, Luxuriously Soft, Naturally Anti-Bacterial, Advanced Moisture Control Fabric, Contoured Neckline",₹419.00,4.1 out of 5 stars,"2,185"
2026-08-21,Vests,6,B07W146W44,Lux Cozi Men's 100% Soft Cotton Vest Pack of 5 | Solid White Sleeveless Banyan for Men | Round Neck Vest | Breathable Lightweight Cotton Innerwear | Comfortable Regular Fit Undershirt for Daily Wear,₹570.00,4.3 out of 5 stars,837
2026-08-21,Vests,7,B0BHXHK3Q4,"DAMENSCH Anti-Bacterial Anti Odour Soft Cotton Vest | Buttery-Soft, Premium Cotton, Retains Shape Upto 2 Years, Anti-Bacterial, Odour-Cancelling Fabric, No-Peep Neckline",₹290.00,4.1 out of 5 stars,"2,746"
2026-08-21,Vests,8,B00W04O1K4,Jockey 8817 Men Super Combed Cotton Round Neck Half Sleeved Vest_(Pack of 2) Regular Fit,₹598.00,4.3 out of 5 stars,"2,890"
2026-08-21,Vests,9,B0F9L7F3PQ,"XYXX Men's Cotton Square Neck Seamless Vest | Invisible Vest for Man, Seamless Inner for Men",₹549.00,3.9 out of 5 stars,243
2026-08-21,Vests,10,B072NBTTZS,"Lux Cozi Men's Half Sleeve Vest Pack of 3 | Cotton Round Neck Vest for Men | White Cotton Banyan | Soft, Breathable & Lightweight Men's Innerwear",₹419.00,4.2 out of 5 stars,"4,453"
2026-08-21,Vests,11,B07S28JYQZ,U.S. Polo ASSN. Men's I661 Round Neck Cotton Jersey Vest - Pack of 3,₹599.00,4.2 out of 5 stars,"2,796"
2026-08-21,Vests,12,B071GYQ6ST,Lux Cozi Men's 100% Cotton Sleeveless Round Neck Regular Fit Vest | Baniyan for Men | Vest for Men Pack of 3,₹379.00,4.0 out of 5 stars,"5,395"
2026-08-21,Vests,13,B07D77699F,"Dixcy Scott Originals Classic Ribbed Vest |100% Combed Cotton | Rib 2x2 Men's Vest | No-Peep Neckline | Breathable, Sweat Absorbent Vest for Men | Cut Away Back Arm Hole | Innerwear for Man |Pack of 2",₹284.00,4.1 out of 5 stars,"10,750"
2026-08-21,Vests,14,B00W04PH48,Jockey 8823 Men Super Combed Cotton Rib Round Neck Sleeveless Vest with StayFresh Properties_(Pack of 2) Regular Fit,₹509.00,4.3 out of 5 stars,"2,135"
2026-08-21,Vests,15,B0DZP3D8CD,Amul Comfy Men’s Vest | 100% Cotton Single Jersey Fabric | U Neck Sleeveless Innerwear | Ultra Soft Hand Feel | Seamless Body | Superior Comfort Color May Vary (Pack of 6),₹607.00,4.1 out of 5 stars,368
2026-08-21,Vests,16,B00W04QF4E,Jockey 9922 Men Super Combed Cotton Rib Round Neck with Racerback Gym Vest Regular Fit,₹339.00,4.2 out of 5 stars,"10,043"
2026-08-21,Vests,17,B01N4TUR8N,"Rupa Jon Sleeveless Vest for Men, 100% Cotton Material, Round Neck, Pack of 5 Standard",₹315.00,4.1 out of 5 stars,"20,625"
2026-08-21,Vests,18,B0C5CVGNHY,"XYXX Men's 100% Cotton Ribbed Regular Fit Solid Square Neck Vest | Anti Bacterial Finish, Racer Back Baniyan for Man, Tag Free Comfort Man's Inner",₹589.00,4.0 out of 5 stars,631
2026-08-21,Vests,19,B0BG5S5MX2,Lux Cozi Men's Cotton Vest Pack of 3 | Sleeveless Gym Vest for Men | Soft Breathable Cotton Innerwear | Round Neck Regular Fit Undershirt | Men's Baniyan | Color May Vary,₹403.00,3.9 out of 5 stars,"6,376"
2026-08-21,Vests,20,B07VLYCZVD,"Dixcy Scott Originals Clasz Vest | 100% Combed Cotton | Men's Vest | No-Peep Neckline | Breathable, Sweat Absorbent Vest for Men | Cut Away Back Arm Hole | Innerwear for Man | Pack of 3 Regular Fit",₹299.00,4.0 out of 5 stars,"7,159"
2026-08-21,Vests,21,B0DBZ3Z9JC,"Lux Cozi 100% Cotton Men Sleeveless Round Neck Vest - Modern White Baniyan for Men, Pack of 3",₹305.00,4.2 out of 5 stars,993
2026-08-21,Vests,22,B06XTHG1DD,"VIP Men's Cotton Vest – Soft & Breathable Half Sleeve Innerwear for Everyday Comfort | Sweat-Absorbing, Quick-Dry | Regular Fit, Label-Free Design for Superior Ease & Durability. Pack of 5",₹549.00,4.0 out of 5 stars,"11,054"
2026-08-21,Vests,23,B0BRD13XTQ,"HEELIUM Bamboo Gym Vests for Men, Odour Free, Super Soft & Comfortable",₹999.00,4.0 out of 5 stars,835
2026-08-21,Vests,24,B0GWF1C8FF,JUGULAR Tank Tops Sleeveless T-Shirt for Men Gym Wear Vest Solid Stylish Round Neck Running for Sports Workout Fitness & Casual or Beach Wear,₹216.00,3.9 out of 5 stars,230
2026-08-21,Vests,25,B00W04OHLC,Jockey Men Undershirt,₹458.00,4.3 out of 5 stars,"2,281"
2026-08-21,Vests,26,B07MQ11SMH,Jockey MC06 Men Super Combed Cotton Half Sleeved Inner T-Shirt Regular Fit,₹379.00,4.0 out of 5 stars,"3,046"
2026-08-21,Vests,27,B0CKXW6R2V,Amul Comfy Men’s Vest | 100% Cotton Single Jersey Fabric | U Neck Sleeveless Innerwear | Ultra Soft Hand Feel | Seamless Body | Superior Comfort | Color May Vary (Pack of 3),₹309.00,3.9 out of 5 stars,293
2026-08-21,Vests,28,B09PL3NW1B,VIP Supreme Men's Cotton Regular Fit Vest (Pack Of 3),₹363.00,4.0 out of 5 stars,"4,096"
2026-08-21,Vests,29,B01N6WM2KD,"Rupa Frontline Sleeveless Round Neck Vest for Men, 100% Cotton Material, Regular Fit, Pack of 3",₹339.00,4.1 out of 5 stars,"4,080"
2026-08-21,Vests,30,B09MF8HPMZ,"HEELIUM Bamboo Vest for Men, Super Soft, Odour Free, Comfort Fit Innerwear Vest",₹899.00,4.1 out of 5 stars,542
2026-08-21,Vests,51,B0F8JJPGML,"LISEJE Mens Slimming Body Shaper Vest, Gynecomastia Compression Shirts, Tummy Control Undershirts",₹344.00,4.0 out of 5 stars,122
2026-08-21,Vests,52,B0CYSVZHGL,"Pepe Jeans Men's Solid Cotton Spandex Regular Fit Gym Vest | Stretchable Athleisure Tank Top for Gym, Workout & Active Wear | Soft Breathable Fabric | Round Neck | Sleeveless | Sporty Comfort Wear",₹381.00,3.9 out of 5 stars,131
2026-08-21,Vests,53,B0CKQVWPC4,Pepe Jeans Men Vest,"₹1,098.00",4.0 out of 5 stars,244
2026-08-21,Vests,54,B08SS7DG12,Dollar Bigboss Men Vest,₹376.00,4.1 out of 5 stars,492
2026-08-21,Vests,55,B00W04OA7I,Jockey 8820 Men Super Combed Cotton Round Neck Sleeveless Vest,₹239.00,4.2 out of 5 stars,"1,812"
2026-08-21,Vests,56,B0CDCT8Y2X,Poomex® Men's Cotton Vest (Pack of 3),₹398.00,4.5 out of 5 stars,210
2026-08-21,Vests,57,B0GVG4YWY4,Three Times 5 Men’s Cotton Athletic Ribbed Vest | Sleeveless Gym Tank Top | Slim Fit Essential Innerwear,₹399.00,4.5 out of 5 stars,17
2026-08-21,Vests,58,B0F8V7WC5R,SANE ORIGINALS Gym Sandos for Men || Sando Tank Top || Combo Pack of 2,₹499.00,4.0 out of 5 stars,103
2026-08-21,Vests,59,B01LX7WHUI,"Van Heusen Men Regular Fit Vest 100% Combed Cotton Pack of 1 - Anti Bacterial, Quick Dry, Label Free",₹369.00,4.0 out of 5 stars,643
2026-08-21,Vests,60,B07MCCJW5Q,Lux Cozi Men's Cotton Solid Regular Fit Vest (Pack of 2),₹259.00,4.3 out of 5 stars,296
2026-08-21,Vests,61,B01N6WR11F,"Rupa Jon Sleeveless Vest for Men, 100% Cotton Material, Round Neck, Pack of 3",₹220.00,4.0 out of 5 stars,"16,215"
2026-08-21,Vests,62,B08F3BBFSJ,Lux Cozi Men's 100% Cotton Solid White Vest Pack of 3 | Sleeveless Round Neck Banyan for Men | Soft Breathable Cotton Innerwear | Comfortable Regular Fit Undershirt | White Sando Baniyan for Men,₹389.00,4.2 out of 5 stars,"1,516"
2026-08-21,Vests,63,B08XNRNSPP,"JUARI BE A GENTLEMAN Men's Cotton Regular Fit, Sleeveless, Stringer Y Back Tank Tops Look",₹652.00,3.9 out of 5 stars,"2,524"
2026-08-21,Vests,64,B0DVQJH4PY,"FirstFit Cotton Slimming Tummy Tucker Vest, Underwear Shapewear Slim Body Shaper for Men",₹499.00,4.4 out of 5 stars,200
2026-08-21,Vests,65,B0B31XBQZB,"XYXX Men's 100% Combed Cotton Ribbed Regular Fit Solid Round Neck Vest | Anti Bacterial Finish, Racer Back Baniyan for Man, Tag Free Comfort Man's Inner (Pack of 3)",₹982.00,3.9 out of 5 stars,699
2026-08-21,Vests,66,B09YRTB6NZ,"XYXX Men's 100% Combed Cotton Ribbed Regular Fit Solid Round Neck Vest | Anti Bacterial Finish, Racer Back Baniyan for Man, Tag Free Comfort Man's Inner (Pack of 2)",₹629.00,4.0 out of 5 stars,971
2026-08-21,Vests,67,B01N5NIKBM,Dollar Bigboss Men Vest,₹537.00,4.2 out of 5 stars,938
2026-08-21,Vests,68,B0DH3H21QG,LUX VENUS Men’s Vest - 100% Cotton Premium Baniyan (Color May Vary),₹259.00,4.0 out of 5 stars,259
2026-08-21,Vests,69,B0GVBN2FCL,"Rockwell Men’s Premium Cotton Vest – Sleeveless Gym Undershirt | Breathable, Stretchable & Skin-Friendly Innerwear for Everyday Comfort | 002",₹299.00,4.0 out of 5 stars,173
2026-08-21,Vests,70,B0FQJMNFVM,Amul Comfy Boy's Vest | 100% Cotton Single Jersey Fabric | U Neck Sleeveless Innerwear | Soft Hand Feel Comfort Fit | Seamless Body | Superior Daily Comfort | Color May Vary (Pack of 5),₹274.00,4.2 out of 5 stars,21
2026-08-21,Vests,71,B09TD831M6,Wearslim® Men’s Slimming Body Shaper Vest Shirt | Abs Abdomen Slim Stretchable Tummy Tucker Vest,₹417.00,3.4 out of 5 stars,"1,345"
2026-08-21,Vests,72,B0CXDV4DN8,"Designer Men Vest Versatile Cotton Sando/Baniyan/Ganji for Boys - Perfect for Gym Workouts, Vacations, and Beaches",₹676.00,3.9 out of 5 stars,945
2026-08-21,Vests,73,B08SS242M2,Dollar Bigboss Men Vest,₹298.00,4.1 out of 5 stars,168
2026-08-21,Vests,74,B07RQTZ7RH,VIP Men Regular Fit Vest,₹549.00,4.2 out of 5 stars,"3,664"
2026-08-21,Vests,75,B0F26PFRKN,FF Slim Fit Tummy Tucker Vest for Men Gynecomastia Compression Shirts Belly Slimmer for Men Shapewear Stretchable Undershirt Vest – Pack of 2 – Black & White,₹799.00,4.1 out of 5 stars,161
2026-08-21,Vests,77,B00JZM2V38,"Rupa Frontline Half Sleeves Round Neck Vest for Men, 100% Cotton Material, Regular Fit, Pack of 2",₹269.00,4.0 out of 5 stars,"2,957"
2026-08-21,Vests,78,B01MSD95Q7,Rupa Jon Sleeveless Vest for Men | 100% Cotton | Round Neck | Regular Fit | Pack of 3,₹280.00,3.8 out of 5 stars,"5,588"
2026-08-21,Vests,79,B0H2WH2PVF,"Rockwell Men’s Premium Cotton Vest – Sleeveless Gym Undershirt | Breathable, Stretchable & Skin-Friendly Innerwear for Everyday Comfort | 391",₹349.00,3.5 out of 5 stars,5
2026-08-21,Vests,80,B00W04PAVS,Jockey 8823 Men Super Combed Cotton Rib Round Neck Sleeveless Vest with StayFresh Properties,₹299.00,4.3 out of 5 stars,"1,094"
2026-08-21,Shorts,1,B0DRFN3SBV,Lymio Men Shorts || Cotton Short for Men || with Pocket Style (Shorts-09-12),₹599.00,3.8 out of 5 stars,"1,583"
2026-08-21,Shorts,2,B093GRFD6C,0-DEGREE Men's Regular Fit Shorts with Zip Pocket,₹275.00,3.9 out of 5 stars,"5,807"
2026-08-21,Shorts,3,B00W05EFZ4,Jockey 9426 Men's Super Combed Cotton Rich Regular Fit Solid Shorts with Side Pockets,₹799.00,4.3 out of 5 stars,"9,695"
2026-08-21,Shorts,4,B0FRTRNJHS,RynoGear Men's Shorts || Cotton Casual Shorts for Man || Shorts Pant for Men,₹548.00,4.0 out of 5 stars,594
2026-08-21,Shorts,5,B0F8BT2J1X,Lymio Men Shorts || Cotton Short for Men || with Pocket Style (Packs Also Available) (Shorts-29-32),₹599.00,3.6 out of 5 stars,732
2026-08-21,Shorts,6,B0GV49CR2R,RynoGear Cotton Shorts for Men || Shorts for Man Stylish || Men's Shorts | 100% Twill Cotton,₹597.00,4.2 out of 5 stars,66
2026-08-21,Shorts,7,B0FD7T5XNK,SMOWKLY Authentics Classic Men's Corduroy Cargo Stretch Shorts |Half Pant with Drawstring & 4 Pockets | Lightweight & Quick Dry | Men Shorts Casual |Summer Shorts Pant for Men,₹495.00,3.7 out of 5 stars,"1,062"
2026-08-21,Shorts,8,B0GJL3DGDL,"Men's Cotton Casual Shorts |Striped Half Pants for Men |Comfortable | Elastic Waist with Drawstring | Lightweight & Comfortable for Beach Vacations, Casual Daily Outings & Sleepwear Bermuda Shorts",₹425.00,3.7 out of 5 stars,317
2026-08-21,Shorts,9,B0H1BRXB6B,Lymio Men Shorts | Men's Cargo Shorts | Regular Fit Casual Wear Short Pant for Men | Multi-Pocket Lightweight Cotton | Summer & Adventure Ready (SSM-S-05-08),₹429.00,3.0 out of 5 stars,55
2026-08-21,Shorts,10,B0DSJGVM2J,TAGDO® Men's Solid Cotton Shorts | Shorts Pant for Men | Shorts for Men (2003),₹579.00,3.9 out of 5 stars,"1,965"
2026-08-21,Shorts,11,B0F28S4YHK,Lux Cozi Men's Cotton Regular Fit Solid Shorts with Side Pockets & No Marks Waistband Gym Shorts for Men Workout Yoga Outdoor All Day Shorts for Men All Season Wear Cotton Pack of 1,₹398.00,4.0 out of 5 stars,438
2026-08-21,Shorts,12,B07XH2WNKY,Amazon Brand - Symbol Men's Cotton Regular Fit Chino Shorts |Slant Pockets,₹649.00,4.0 out of 5 stars,"7,815"
2026-08-21,Shorts,13,B01BWL1TIW,"VEGO Mens Cotton Three By Fourth, 3/4, Capri, Three Quarter Grey Plus Size",₹589.00,4.2 out of 5 stars,"7,360"
2026-08-21,Shorts,14,B07TLN6TB7,Amazon Brand - Symbol Men's Cotton Rich Stretchable Regular Fit Chino Shorts |Slant Pockets,₹449.00,4.0 out of 5 stars,"4,450"
2026-08-21,Shorts,15,B0BXXX772Z,THE Indian Garage CO Men Shorts,₹402.00,4.1 out of 5 stars,795
2026-08-21,Shorts,16,B0GSJWXGKH,RynoGear Linen Blend Shorts for Men || Shorts Pant for Men || Casual Shorts for Man,₹597.00,4.1 out of 5 stars,103
2026-08-21,Shorts,17,B0D1QRL9NV,XYXX Men's Nova Cotton Regular Fit Solid Shorts with Side Pockets and No Marks Waistband,₹649.00,4.0 out of 5 stars,269
2026-08-21,Shorts,18,B01E2Y08YC,0-DEGREE Shorts for Men,₹698.00,3.6 out of 5 stars,"7,398"
2026-08-21,Shorts,19,B0H4Z958GS,JV CLOTH Men's 100% Pure Cotton Cargo Shorts | Regular Fit Solid Knee Length Shorts with Multiple Utility Pockets | Casual Outdoor Summer Shorts for Men,₹529.00,4.7 out of 5 stars,21
2026-08-21,Shorts,20,B0CNZBTJHQ,"KART BLACK Plus Sizes Men's Cotton Knee Length Shorts(XXL,3XL,4XL,5XL,6XL,7XL,8XL Shorts) | Stripe Printed Shorts | Casual and Night Wear Mens Shorts",₹569.00,4.2 out of 5 stars,769
2026-08-21,Shorts,21,B0DRFMW6DN,Lymio Men Shorts || Cotton Short for Men || with Pocket Style (Packs Also Available) (Shorts-17-20),₹579.00,3.2 out of 5 stars,"1,217"
2026-08-21,Shorts,22,B0FT8X8RWB,Lymio Men Casual Shorts || Men Cargo Shorts Cotton || Available in Combo Pack of 2 (Shorts-42-45),₹599.00,3.4 out of 5 stars,138
2026-08-21,Shorts,23,B08D9PL7F8,Mack Jonney Cotton Blended Regular Fit Three Fourth Capri for Men(Pack of 3),₹919.00,4.1 out of 5 stars,796
2026-08-21,Shorts,24,B0FRZ38DNF,"TAGDO Men's Cotton Cargo Shorts with Multi Pockets | Lightweight Casual Outdoor Shorts Pant for Men | Elastic Waist Drawstring Utility Shorts for Hiking, Camping and Daily Wear (2048)",₹599.00,3.8 out of 5 stars,399
2026-08-21,Shorts,25,B0DZP5T8HH,"SMOWKLY Men's Premium Corduroy Casual Ribbed Shorts | Loose Fit Burmuda | Elastic & Drawstring Waist with 2 Pocket | Lightweight Perfect for Workout, Beach & Summer |Shorts Pant for Men",₹497.00,3.9 out of 5 stars,727
2026-08-21,Shorts,26,B0892NJJMR,Mack Jonney Cotton Blended Regular Fit 3/4th Capri for Men,₹322.00,4.1 out of 5 stars,575
2026-08-21,Shorts,27,B0CPJHCCBJ,"KART BLACK Plus Sizes Men's Cotton Knee Length Shorts(M,L,XL,XXL,3XL,4XL,5XL Shorts) | Casual and Night Wear Mens Shorts",₹999.00,4.3 out of 5 stars,"1,329"
2026-08-21,Shorts,28,B0H3NVN8GW,DHRIVANSH Men's Cotton Cargo Shorts | Solid Khakhi | Regular Fit Casual Shorts with 5 Pockets | Comfortable Summer Wear,₹499.00,5.0 out of 5 stars,3
2026-08-21,Shorts,29,B0F3J87XB9,GRECIILOOKS Denim Shorts for Men Stylish | Casual Knee Length Washed Jorts | Regular Fit Jeans Half Pant for Men with Distressed Design | Bermuda Mens Shorts for Summer Travel Streetwear,₹749.00,4.2 out of 5 stars,286
2026-08-21,Shorts,30,B0F8BYFLHC,Leriya Fashion Men Cotton Cargo Shorts | Lightweight Shorts Pant for Men | Elastic Waist with Drawstring | Casual Summer Cargo Short's for Man with Pockets,₹599.00,3.9 out of 5 stars,101
2026-08-21,Shorts,51,B086CDNQLH,Bigbanana Plus Size Men's Regular Fit Shorts,₹659.00,4.0 out of 5 stars,243
2026-08-21,Shorts,52,B0D5D5L7PH,XYXX Men's Ace Cotton Regular Fit Solid Shorts with Side Pockets and No Marks Waistband,₹638.00,4.0 out of 5 stars,"1,076"
2026-08-21,Shorts,53,B0FQPMQCT1,Samfor Shorts for Men || Authentics Classic Men's Ribbed Polycotton Relaxed Fit Cargo Stretch Shorts || Lightweight & Quick Dry || Men Shorts Casual ||Shorts Pant for Men,₹449.00,4.5 out of 5 stars,60
2026-08-21,Shorts,54,B0F8BWN229,"Leriya Fashion Men’s Cotton Cargo Shorts with Elastic Drawstring Waist | Multiple Utility Pockets & Zipper Side Pocket | Summer Shorts for Daily Outfits, Hiking, Trekking & Street Style",₹599.00,3.4 out of 5 stars,152
2026-08-21,Shorts,55,B0C9TJCTWG,THE Indian Garage CO Men Shorts,₹495.00,4.3 out of 5 stars,315
2026-08-21,Shorts,56,B0GKW2Q99F,Leriya Fashion Cotton Cargo Shorts for Men | Cargo Men Short's | Casual Comfort Black Bermuda Pant Shorts | Breathable Chino Half Pant Short's | Perfect for Beach & Summer Outfits,₹499.00,4.3 out of 5 stars,71
2026-08-21,Shorts,57,B0G258VLBJ,"Pepe Jeans Men's Solid Cotton Poly Blend Regular Fit Active Shorts | Lightweight Athleisure Shorts for Gym, Sports & Casual Wear | Soft Breathable Fabric | Elastic Waist with Drawcord | Side Pockets",₹587.00,4.0 out of 5 stars,"1,601"
2026-08-21,Shorts,58,B0FDL38FRC,XYXX Zen Solid Shorts for Men with Side Pockets and Drawstring |Relaxed Fit Shorts,₹799.00,4.0 out of 5 stars,93
2026-08-21,Shorts,59,B0GH7GV96Q,Tagas Men's Shorts |Shorts for Mens| Casual (S'horts) for Men |Men shortscotton|,₹759.00,3.9 out of 5 stars,30
2026-08-21,Shorts,60,B0BXXYCCQB,The Indian Garage Co Men Slim Fit Solid Mid-Rise Chino Shorts,₹532.00,3.9 out of 5 stars,686
2026-08-21,Shorts,61,B0GX76FJY7,Lymio Shorts for Men | Denim Shorts for Men | Regular Fit Casual Jean Half Pants Knee Length Trousers (LMHP-54-55),₹748.00,4.8 out of 5 stars,11
2026-08-21,Shorts,62,B0FKYYM8WW,INKKR Men's Cargo Linen Shorts Beach Shorts Drawstring Elastic Multi Pocket Plain Comfort Breathable Knee Length Cotton Shorts,₹589.00,3.1 out of 5 stars,40
2026-08-21,Shorts,63,B08CKJ536S,Mack Jonney Cotton Blended Regular Fit 3/4th Capri for Men-C1_0001_P,₹345.00,4.1 out of 5 stars,812
2026-08-21,Shorts,64,B0CHRPD2YM,U.S. Polo ASSN. Men's IYBF Solid Logo Knit Lounge Shorts,₹705.00,4.1 out of 5 stars,634
2026-08-21,Shorts,65,B0B58KPC9G,Men's Comfort Shorts || Regular Fit Shorts for Men with One Side Zipper Pocket...,₹449.00,3.9 out of 5 stars,"2,114"
2026-08-21,Shorts,66,B0GKVSPDBC,"GRECIILOOKS Linen Short For Men| Linen Shorts For Men Stylish |Men's Casual Summer Shorts - Lightweight Drawstring Lounge Short with Pockets, Breathable Relaxed Fit Athletic Sweat Short's",₹549.00,3.9 out of 5 stars,39
2026-08-21,Shorts,67,B0GL7NG9DJ,Lymio Men Shorts || Cotton Short for Men || with Pocket Style || Packs Also Available (Shorts-64-67),₹499.00,3.7 out of 5 stars,28
2026-08-21,Shorts,68,B0BJDYQZY2,Jockey AM14 Men Super Combed Cotton Rich Straight Fit Shorts with Zipper Pockets,"₹1,229.00",4.3 out of 5 stars,"1,125"
2026-08-21,Shorts,69,B0C4LQ8SHK,THE Indian Garage CO Men Shorts,₹448.00,4.2 out of 5 stars,347
2026-08-21,Shorts,70,B09RQRLPRB,"Stylcozy Men's Regular Fit Cotton Three by Fourth, 3/4th, Man Capri, Capris, Three Quarter, Capri for Men, Printed, Sports Running, Three Quarte, Casual Lounge Short, Nightwear Sleep Shorts, Pack of 2",₹699.00,4.1 out of 5 stars,452
2026-08-21,Shorts,71,B0C59HH58G,Thomas Scott Men's | 100% Cotton | Solid | Above Knee | Button Closure | Chino | Casual Shorts for Men,₹499.00,3.9 out of 5 stars,183
2026-08-21,Shorts,72,B0D6KTHKYY,Bigbanana Plus Size Men's Regular Fit Solid Shorts,₹659.00,4.1 out of 5 stars,96
2026-08-21,Shorts,74,B0DDBTTQZB,Thomas Scott Men's | Solid | Chino Shorts | Regular Fit | 100% Cotton | Above Knee | Casual Short,₹199.00,4.1 out of 5 stars,6
2026-08-21,Shorts,75,B0FTZTSFWT,RUGAN Men's Cotton Capri Three Fourth Shorts Dual Zipper 3/4th Pants Pack2,₹459.00,4.1 out of 5 stars,153
2026-08-21,Shorts,76,B0GRV57QX4,"Samfor Men Shorts || Shorts for Men ||Men's Premium Casual Shorts || Loose Fit Lightweight Shorts Perfect for Workout, Beach & Summer",₹399.00,4.5 out of 5 stars,15
2026-08-21,Shorts,77,B09BJWVKV8,"DaMENSCH Textured Shorts, Microfiber Running Shorts for Men, Quick Dry Gym Shorts Mens Workout, Hidden Pocket with Zipper Sports Shorts for Man",₹993.00,4.0 out of 5 stars,929
2026-08-21,Shorts,78,B092792LHP,GUIDE Men's Regular Fit Printed Three Fourth Capri,₹354.00,4.0 out of 5 stars,"1,879"
2026-08-21,Shorts,79,B0DGLKHSNB,Tagas Men's Loose Fit Slant Pocket Shorts || Shorts for Mens || Casual Shorts for Mens || M-SHORT-2-NAVY-38,₹599.00,3.8 out of 5 stars,153
2026-08-21,Shorts,80,B0BXXWTCQS,THE Indian Garage CO Men Shorts,₹402.00,4.0 out of 5 stars,80
2026-08-21,Swimwear,1,B0GX5XQD5N,"JUST RIDER Swimwear Half Sleeve T-Shirt and Shorts for Men & Women Men's Swimming T-Shirt and Swimming Shorts Set, Polyester, Quick-Dry, Chlorine-Resistant, Flatlock Seams",₹489.00,4.0 out of 5 stars,46
2026-08-21,Swimwear,2,B09ZY9JQV4,JUSTWIN Swimwear Half Sleeve T-Shirt and Shorts for Men & Women,₹498.00,3.9 out of 5 stars,"1,526"
2026-08-21,Swimwear,3,B09TWD32PF,JUST RIDER Unisex Swimming Shorts Trunk,₹269.00,4.0 out of 5 stars,"2,598"
2026-08-21,Swimwear,4,B0C93NSCML,Boldfit Swim Jammers for Man Swimming Short,₹400.00,4.2 out of 5 stars,"1,098"
2026-08-21,Swimwear,5,B0F26JKG2J,Boldfit Swimming Costume for Man Stretchable Swimming Shorts for Men Adult Quick Dry Swim Shorts for Men Breathable Swim Trunks for Boys Lightweight,₹599.00,4.1 out of 5 stars,199
2026-08-21,Swimwear,6,B0F3XVSW3D,"Boldfit Swimming Shorts for Men's Quick-Dry Poly-Spandex Swim Shorts – Lightweight, Breathable, Stretch-Fit with Drawstring Waist for Active & Casual Use-Black",₹349.00,4.2 out of 5 stars,271
2026-08-21,Swimwear,7,B09SPZVM98,JUST RIDER Swimwear Swimming Shorts Trunk for Men & Women,₹219.00,4.0 out of 5 stars,"2,072"
2026-08-21,Swimwear,8,B0F9PJYLJY,XYXX Intellidri Aqua Swim Shorts for Men with Side Pockets and Drawstring,₹949.00,3.9 out of 5 stars,110
2026-08-21,Swimwear,10,B0GCC98FSJ,"PROBEROS® Swim Trunks for Men, Quick-Dry Polyester Beach Shorts with Inner Lining, Elastic Drawstring Waist, Tropical Palm Leaf Fashion Lightweight Beach Wear for Swimming, Vacation & Traval, 3XL",₹842.00,4.0 out of 5 stars,36
2026-08-21,Swimwear,11,B0DV9G632G,Speedo Men's 4 Way Flex Essential Printed Watershorts with Side Pockets | Water Repellent | Internal Drawcord | Wide Waistband Swimming Trunks,"₹1,999.00",4.3 out of 5 stars,52
2026-08-21,Swimwear,12,B0CX99XMVX,"NEVER LOSE Mens 5"" Swim Trunks with Zipper Pockets Quick Dry Beach Board Shorts for Men Swimsuit Swimwear with Mesh Lining",₹399.00,4.1 out of 5 stars,395
2026-08-21,Swimwear,13,B0D37RGYP7,"SLOVIC Swimming Shorts for Men | Swimming Costume for Men | Swim Trunk, Boys Swim Suit for Boys Easy Adjustable, Breathable, Quick Drying Shorts, Running",₹549.00,4.3 out of 5 stars,279
2026-08-21,Swimwear,15,B0FMS2QN17,JUST RIDER Swimming Shorts for Men Black Swimming Costume for Men Swimming Trunk (Pack of 2),₹369.00,3.9 out of 5 stars,44
2026-08-21,Swimwear,16,B0GLHYB2MJ,"FABSPORTS Men's Quick Dry Swim Shorts/Trunks with Inner Lining | Lightweight 2-in-1 Athletic Shorts for Swimming, Gym & Outdoors | 95% Polyester 5% Spandex, Floral & Geometric Prints",₹664.00,3.6 out of 5 stars,6
2026-08-21,Swimwear,17,B0GPL4TGJ7,FITFORTH Swimming Costume for Man | Co Ords for Men | Swim Suit for Men – Lightweight Quick Dry Beach & Gym Set Built to Water & Training,₹997.00,3.6 out of 5 stars,16
2026-08-21,Swimwear,18,B0H2LR7X3P,"Bummer Men’s Quick-Dry Printed Swim Shorts for Adult | Lightweight Swim Trunks with Inner Mesh | Soft Waistband, Deep Pockets & Velcro Pocket | Beach, Pool & Vacation Swimwear Suit Costume for Man","₹1,199.00",3.0 out of 5 stars,3
2026-08-21,Swimwear,19,B09ZV2MX2G,Tempest Boy Men's Swimming Kit with 1 Swimming Shorts | Costume | Trunk Swimming 1 Anti Fog Swimming Goggles 1 Silicone Swimming Cap 1 Nose Clip 2 Ear Plugs,₹499.00,4.0 out of 5 stars,152
2026-08-21,Swimwear,20,B0G52MQYF6,The Souled Store Swim Shorts: Mosaic Men and Boys Drawstring Waist Blue Ombre Gradient Print Polyester Regular Fit Quick-Drying Zippered Lightweight Everyday All-Season Swim Shorts,"₹1,299.00",5.0 out of 5 stars,1
2026-08-21,Swimwear,21,B0GNZZNCRL,JUST RIDER Men’s Swim Shorts with Zipper Pocket | Quick Dry Swimming Trunks | Lightweight Beach & Pool Swimwear | Elastic Waist Sports Shorts for Swimming,₹299.00,3.8 out of 5 stars,28
2026-08-21,Swimwear,22,B01JM5R1DW,ROVARS Men's Swimwear,₹403.00,4.1 out of 5 stars,634
2026-08-21,Swimwear,23,B0GWVFWXDH,"JUST RIDER Black Swimming Costume for Men Swimming Trunk for Men, Quick Drying Shorts for Swimming, Running Sports Shorts Pack of 2",₹449.00,4.1 out of 5 stars,5
2026-08-21,Swimwear,24,B0F29RY2PH,LYCOT Men's Printed Comfortable Surfing Beach Shorts with 3 Pockets,₹999.00,3.4 out of 5 stars,4
2026-08-21,Swimwear,25,B0BW93SJK1,Speedo Men's Xpress Lite Essential Placement Printed Watershorts,"₹1,899.00",4.2 out of 5 stars,42
2026-08-21,Swimwear,26,B0GPQ7T9Z9,"LIMEE Men’s Swimming Shorts | Quick Dry Stretch Swim Trunks with Drawstring | Lightweight Breathable Beach Wear, Pool, Gym & Running Shorts",₹549.00,3.7 out of 5 stars,15
2026-08-21,Swimwear,27,B0GX6YLC5Y,"FITFORTH Swimming Trunks for Men | Swim Shorts for Men | Swimming Shorts – Swimwear Stretchable Fit, Adjustable Waist, Quick-Drying, Comfortable All-Day Wear",₹757.00,5.0 out of 5 stars,4
2026-08-21,Swimwear,28,B0G57HMQQF,Dollar Club Men’s Cotton Round Neck Solid T-Shirt,₹158.00,4.2 out of 5 stars,3
2026-08-21,Swimwear,29,B09P1PFC6F,FILMAX® Originals Swimming Costume for Men's Beach Wear Aquashort,₹999.00,4.3 out of 5 stars,45
2026-08-21,Swimwear,30,B0857TFCHQ,Speedo Men's Xpress Lite Essential Medley Logo Printed Watershorts,"₹1,899.00",4.2 out of 5 stars,195
2026-08-21,Swimwear,51,B0CTW16G7G,Aqua Holic Swimwear | Swimsuit | Swimming Costume | T-Shirt & Shorts for Men,₹499.00,3.4 out of 5 stars,69
2026-08-21,Swimwear,52,B0DZHJ2GF3,Jack & Jones Men Cargo Shorts,"₹1,799.00",4.0 out of 5 stars,1
2026-08-21,Swimwear,53,B0BWYML2TQ,Swimming Costume for Men | Comfortable Trunks Swimwear Shorts | Skin Friendly | Washable | Four Way Stretch | Premium Fabric Briefs,₹399.00,3.7 out of 5 stars,70
2026-08-21,Swimwear,54,B0DV9JLS2J,Speedo Men's Endurance10 Graphic Print Essential Aquashort Swimming Trunks | Chlorine Resistance | Shape Retention Fabric | UPF 40+ Sun Protection | Drawstring Waist,"₹1,199.00",4.2 out of 5 stars,4
2026-08-21,Swimwear,55,B0857TZRX9,Speedo Men's Endurance+ Essential Splice Aquashort,₹999.00,4.0 out of 5 stars,42
2026-08-21,Swimwear,56,B0F48MLJNH,"PANTEAZY Men's Contrast Swim Boxer – Bold, Sleek & Comfortable",₹999.00,3.4 out of 5 stars,6
2026-08-21,Swimwear,58,B0FRN5ZJPS,UNICORE APPAREL Men Physique Competition Board Shorts 2-Way Stretch Bodybuilding Stage Shorts for Men Lightweight Posing Shorts for Fitness,"₹1,899.00",4.7 out of 5 stars,5
2026-08-21,Swimwear,60,B0F2N7FRTT,XENOVAURBAN Men's Graphic Printed RN-HKM Round Neck Regular and Plus Size Cotton T-Shirt,₹569.00,4.7 out of 5 stars,5
2026-08-21,Swimwear,61,B09SPY44C8,JUSTWIN Swimwear Swimming Shorts Trunk for Men & Women,₹219.00,4.0 out of 5 stars,822
2026-08-21,Swimwear,62,B0B7B65ZF9,Oysters Nylon Compression Men's Swim Shorts,₹521.00,4.0 out of 5 stars,55
2026-08-21,Swimwear,63,B07PG4MQVW,TONLEN Mens Swimwear Short Swim Trunks with Zipper Pocket,"₹2,838.00",4.2 out of 5 stars,"4,538"
2026-08-21,Swimwear,64,B01CSNY2GO,"Arena Square Cut Drag Suit Swim Training Aid, Black","₹3,600.00",3.8 out of 5 stars,877
2026-08-21,Swimwear,65,B0GWY4DDKP,Swimwear Swimming Shorts Trunk for Men & Women Black,₹299.00,5.0 out of 5 stars,3
2026-08-21,Swimwear,66,B07Y88DX2M,LAFROI Men's Long Sleeve UPF 50+ Baselayer Skins Performance Fit Compression Rash Guard-CLYYB,"₹5,171.00",4.6 out of 5 stars,"12,911"
2026-08-21,Swimwear,67,B0F6K94RP4,"Aqua Holic Spandex Men's Swimming Legging Solid Regular Fit | Stylish & Comfortable, Attractive Design, Multi-Purpose, Long-Lasting | Ideal for Casual Outings - Black",₹499.00,4.0 out of 5 stars,5
2026-08-21,Swimwear,68,B0B6JCD93D,LEBAMI Boy Men's Swimming Kit with 1 Swimming Shorts | Costume | Trunk Swimming 1 Anti Fog Swimming Goggles 1 Silicone Swimming Cap 1 Nose Clip 2 Ear Plugs,₹422.00,4.0 out of 5 stars,24
2026-08-21,Swimwear,69,B09TFKMQY4,Men Swimming Shorts Trunks Combo KIT with Swimming Cap Goggles EARPLUGS and Nose Men Swimwear for Boys,₹445.00,3.6 out of 5 stars,203
2026-08-21,Swimwear,70,B0C46944R1,adidas Men Swim Trunks,"₹1,259.00",4.4 out of 5 stars,239
2026-08-21,Swimwear,71,B0BJ5WJRFH,AQUA Premium SwimWear | Swimsuit | Swimming Costume | T-Shirt & Shorts For Men,₹499.00,3.3 out of 5 stars,126
2026-08-21,Swimwear,72,B0GPRBSYKW,"LIMEE Swimming Shorts for Men & Boys, Adjustable Swim Suit, Breathable Quick Dry Swimming Trunks, Sports Shorts for Swimming, Running & Beach Wear",₹399.00,5.0 out of 5 stars,4
2026-08-21,Swimwear,73,B0BWYL81M9,"Swimming Jammers Long Shorts Costume for Men and Boys | Comfortable Swimwear Trunks for Pools and Holidays, Best Beach WEAR for",₹675.00,3.8 out of 5 stars,78
2026-08-21,Swimwear,74,B0CS4DY4J3,Speedo Men's Recycled Polyster Printed Leisure Watershorts,"₹1,999.00",4.4 out of 5 stars,247
2026-08-21,Swimwear,75,B09RQ8G5JS,"USI Universal Shorts for Men, 411PSBK Men's Standard Physique Board Short, Fitness Shorts, Polyester Elastane Construction, Hook Loop Fly (Size: S, Color: Black)",₹828.00,4.6 out of 5 stars,6
2026-08-21,Swimwear,76,B0D2DNBPBB,SHIFTER Men Swimming Shorts Trunks Costume| Premium Lycra Nylon Blend Fabric for Great Comfort | Stretchable | Ideal Swimwear for Boys,₹299.00,3.8 out of 5 stars,21
2026-08-21,Swimwear,77,B0CZHZKFK5,LYCOT Men's Sandow Rash Guard | Athletic Compression Top for Swimming & Outdoor Activities MSRG 01 Sandow,₹499.00,3.8 out of 5 stars,4
2026-08-21,Swimwear,78,B0FF5WDX4C,"Imperative Swimming Shorts for Mens, Black with Blue Side Panel, Swimming Trunk for Men, Quick-Drying Swim Shorts for Men",₹299.00,3.0 out of 5 stars,1
2026-08-21,Swimwear,79,B0BX73FP8C,"HAPPENING Plus Size Men Pure Linen Comfort Fit Shorts (Bermuda) - HIGH Rise- Thigh Length - Light Beige Color - Non Stretch Fabric- Elastic Waist to Fit (2XL) 36"" to (7XL) 46"" inches",₹999.00,5.0 out of 5 stars,1
2026-08-21,Swimwear,80,B0DK4Z7668,LEBAMI Swimming Jammers Trunks Costume for Men | Premium Comfortable Fabric Beach wear Shorts | Longer Length | Four Way Stretch Fabric,₹403.00,3.9 out of 5 stars,22
2026-08-21,Tees & Polos,1,B06Y2FG6R7,"Allen Solly Men’s Polo T‑Shirt | Comfortable Rich Cotton Blend, Band Collar, Regular Fit | Stylish & Premium All Day Wear",₹699.00,4.1 out of 5 stars,"82,375"
2026-08-21,Tees & Polos,2,B07MZM26XG,Amazon Brand - Symbol Men's Cotton Rich Solid Polo Tshirt | Collar Tshirts | Half Sleeves | Plain-Regular Fit (Available in Plus Sizes and Combo Pack of 2),₹399.00,3.9 out of 5 stars,"39,788"
2026-08-21,Tees & Polos,3,B076CMJXML,Van Heusen Men's Cotton Solid Regular Fit Collar Polo T-Shirt,₹699.00,4.0 out of 5 stars,"45,135"
2026-08-21,Tees & Polos,4,B0D4VQ5NDD,Louis Philippe Men's Slim Fit Single-Tuck Pique Stylized Sleeve Print and Contrast Tipping Half Sleeve Solid Cotton Polo Tshirt,₹869.00,4.0 out of 5 stars,"1,617"
2026-08-21,Tees & Polos,5,B0F4NGRKY4,DEELMO Men's Casual Button Down Shirts Long Sleeve Linen Shirt Fashion Textured Beach Summer Shirt,₹495.00,4.0 out of 5 stars,"1,255"
2026-08-21,Tees & Polos,6,B09XMV6125,Peter England Men's Regular Fit Insignia Half Sleeve Polo T-Shirt | Cotton Rich | Premium Pique Weave,₹648.00,4.0 out of 5 stars,"4,187"
2026-08-21,Tees & Polos,7,B0C1RY2VXR,Peter England Men's Snug Fit Solid Polo T-Shirt with Coloured Collar Tipping| Cotton Rich| Premium Pique Weave,₹602.10,4.1 out of 5 stars,"3,135"
2026-08-21,Tees & Polos,8,B0CBX5119W,U TURN Men's Casual Printed Striped Stylish Latest Formal Plus Size Shirt for Men | Cotton Mix 220 GSM,₹398.00,3.5 out of 5 stars,"2,381"
2026-08-21,Tees & Polos,9,B012STPJMY,Jockey 2714 Men Super Combed Cotton Rich Round Neck Half Sleeve T-Shirt,₹530.00,4.2 out of 5 stars,"21,424"
2026-08-21,Tees & Polos,10,B0CVXR2T43,Lux Cozi Men's Half Sleeve Soild Casual Regular Fit T-Shirt with Chest Pocket | Polo Tshirt for Men,₹395.00,3.9 out of 5 stars,"3,834"
2026-08-21,Tees & Polos,11,B081QJRMW9,Amazon Brand - Symbol Men's Solid Cotton Formal Shirt | Plain | Full Sleeve - Regular Fit (Available in Plus Sizes),₹549.00,3.9 out of 5 stars,"11,171"
2026-08-21,Tees & Polos,12,B0FXRWKV4C,DEELMO Men’s Stylish Cotton Blend Casual Shirt || Full Sleeve Button-Down Shirt with Dual Flap Pockets || Comfortable Breathable Fabric || Perfect for Casual Office and Outing Wear,₹495.00,3.6 out of 5 stars,"1,525"
2026-08-21,Tees & Polos,13,B0DJYJNTM3,BULLMER Trendy Printed Cotton Blend Crew Neck/Round Neck Half Sleeve Tshirt for Men - Pack of 3,₹473.00,3.5 out of 5 stars,"2,662"
2026-08-21,Tees & Polos,14,B07XK9H5KF,"Levi's 025 Men's Premium Soft Cotton Solid T-Shirt - Round Neck, Short Sleeves with Side Branding (Pack of 1) Regular Fit",₹396.00,4.1 out of 5 stars,"5,790"
2026-08-21,Tees & Polos,15,B0CK2B9ZZD,Van Heusen Men’s Crew Neck T-Shirt – Soft & Breathable Cotton | Regular Fit | Comfortable Everyday Casual Wear | Short Sleeves | Summer Favorite |Solid Colors | Style 60052|Available in Pack of 1 & 2,₹497.00,4.0 out of 5 stars,"1,567"
2026-08-21,Tees & Polos,16,B0BHW7BHJM,Peter England Men's Everyday Solid Slim Fit Full Sleeve Formal Shirt | Cotton-Rich,₹845.10,3.9 out of 5 stars,"2,145"
2026-08-21,Tees & Polos,17,B0GSGXJX7Y,boffi ... 100% Cotton Oversized T-Shirt Unisex Drop Shoulder Dye Washed Street Look Black Pack of 1,₹332.00,3.5 out of 5 stars,"1,810"
2026-08-21,Tees & Polos,18,B073X4KMH6,Amazon Brand - Symbol Men's Solid Cotton T Shirt | Round Neck | Half Sleeve | Plain-Regular Fit (Available in Plus Sizes),₹349.00,4.0 out of 5 stars,"19,747"
2026-08-21,Tees & Polos,19,B0HBQVNZYW,"DEEMOON Men's Premium Cotton Blend Printed Checkered Shirt | Full Sleeve Plaid Casual Button-Down Shirt | Soft & Comfortable Regular Fit | Office, Travel & Everyday Wear",₹494.00,4.1 out of 5 stars,10
2026-08-21,Tees & Polos,20,B0FMFCQ633,"MADHAVISTA Combo of Men’s Casual Cotton Blend Shirt || Long Sleeve Button Down with Spread Collar | Lightweight Breathable Fabric | Stylish Solid Shirt for Beach, Office & Everyday Wear Pack of 2",₹495.00,3.7 out of 5 stars,461
2026-08-21,Tees & Polos,21,B00W062UQO,Jockey 9930 Men Super Combed Cotton Rib Solid Round Neck Muscle Vest Regular Fit,₹359.00,4.2 out of 5 stars,"10,621"
2026-08-21,Tees & Polos,22,B0D4VPH1YB,Louis Philippe Men's Slim Fit Premium High-End Pique in Superior Cotton Cut & Sew Design Color Block Shoulder Half Sleeve Polo Tshirt,"₹1,160.10",4.1 out of 5 stars,968
2026-08-21,Tees & Polos,23,B07CYX8R5J,Amazon Brand - Symbol Men's Cotton Shirt | Casual | Plain | Full Sleeve | Summer - Regular Fit (Available in Plus Sizes),₹549.00,3.8 out of 5 stars,"9,036"
2026-08-21,Tees & Polos,24,B0DP7M6DRY,Lymio Polo T Shirt for Men || T Shirt for Man || Collar T Shirt Style Men (Packs Also Available) (Polo-40-43),₹429.00,3.6 out of 5 stars,920
2026-08-21,Tees & Polos,25,B0C96Y6V7Q,Lux Cozi Men's Cotton Solid Polo Tshirt | Collar Tshirts | Half Sleeves | Stylish & Premium All Day Wear | Pack of 1 Regular Fit,₹380.00,3.8 out of 5 stars,"8,257"
2026-08-21,Tees & Polos,26,B0FHDL7JY8,LEOTUDE Men's Half Sleeve Round Neck Cottonblend Graphic Print Oversized,₹298.00,3.9 out of 5 stars,"1,141"
2026-08-21,Tees & Polos,27,B0GKV18R4N,AUSK Baggy Hip-Hop T-Shirt for Men - Graphic Printed T Shirts || Oversized Men Tshirt || T-Shirts,₹298.00,3.4 out of 5 stars,311
2026-08-21,Tees & Polos,28,B07DN1BJ51,Allen Solly Mens Cotton Casual Shirt | Regular Collar | Soft Breathable Fabric | Everyday Smart Casual Wear,"₹1,099.00",3.7 out of 5 stars,"18,609"
2026-08-21,Tees & Polos,29,B0DRFN3213,Lymio Polo T Shirt for Men || T Shirt for Man || Collar T Shirt Style Men (Packs Also Available) (Polo-51-54),₹529.00,3.6 out of 5 stars,806
2026-08-21,Tees & Polos,30,B0CGLLYV2D,CB-COLEBROOK Men's Regular Fit Solid Soft Touch Cotton Casual Shirt with Pocket Design with Spread Collar & Full Sleeves (Available in Plus Size),₹495.00,3.6 out of 5 stars,"4,564"
2026-08-21,Tees & Polos,51,B0C1RXHHS9,Peter England Men's Everyday Solid Regular Fit Polo | Cotton Rich | Premium Pique Weave,₹791.10,4.1 out of 5 stars,"1,434"
2026-08-21,Tees & Polos,52,B0DXCYXV3L,NexaFlair Men's Shirt Regular Fit Solid Pattern Linen Cotton with Long Sleeve Collared Neck Standard Length and Button Down Closure Type | Mens Casual Shirts | Man's Formal Shirts,₹465.00,3.1 out of 5 stars,"1,082"
2026-08-21,Tees & Polos,53,B0BHW7MRN4,Peter England Men's Everday Regular Fit Solid Shirt | Cotton Rich | 5-Pin Pocketing,₹939.00,3.9 out of 5 stars,"1,954"
2026-08-21,Tees & Polos,54,B0D5M32WBW,Louis Philippe Men's Regular Fit Easy to Iron Everyday wear Premium Cotton Full Sleeve Solid Formal Shirt,"₹1,448.10",4.2 out of 5 stars,579
2026-08-21,Tees & Polos,55,B0C4PTVBV7,Sleepynuts Men's Regular Fit Round Neck Half Sleeves Solid Casual Wear T-Shirt,₹999.00,3.8 out of 5 stars,"1,635"
2026-08-21,Tees & Polos,56,B0F47XBRB4,Highlander Men Shirt,₹504.00,4.0 out of 5 stars,"1,087"
2026-08-21,Tees & Polos,57,B0D357S3PV,Boldfit Tshirt for Man Regular fit Gym t Shirts for Men Workout Active wear t Shirt for Man Running Mens t-Shirts Running Tshirt for Men Workout Gym wear Mens,₹519.00,4.0 out of 5 stars,636
2026-08-21,Tees & Polos,58,B07SK7RZBF,Amazon Brand - Symbol Men's Cotton Rich Polo T Shirt | Mandarin Collar Tshirts | Half Sleeves | Plain - Regular Fit (Available in Plus Sizes),₹399.00,4.0 out of 5 stars,"11,362"
2026-08-21,Tees & Polos,59,B0GMXNS8GB,London Hills Men’s Loose Fit Half Sleeve Vertical Striped Polo T-Shirt with Zip Collar | Premium Polyester Fabric | T Shirt for Man | Tshirt | Shirts Men | Tshirt for Man | Men T-Shirts,₹399.00,3.8 out of 5 stars,348
2026-08-21,Tees & Polos,60,B0BPSWKRWV,FTX Men Polyester Regular Fit T-Shirt,₹388.00,3.8 out of 5 stars,"3,094"
2026-08-21,Tees & Polos,61,B0DWS93932,Lymio Polo T Shirt for Men || T Shirt for Man || Collar T Shirt Style Men (Packs Also Available) (Polo-59-62),₹399.00,3.8 out of 5 stars,685
2026-08-21,Tees & Polos,62,B0CWV7716Y,Pinkmint Men's Solid Shirt | Soft Cotton Blend | Casual Shirt | Plain | Full Sleeve - Regular Fit (Available in Plus Size),₹399.00,3.5 out of 5 stars,"1,026"
2026-08-21,Tees & Polos,63,B0H23BGB1W,Imsa Moda Men's Textured Fabric Solid Half-Open Collar T-Shirt | Full Sleeve Casual Shirt for Men | Comfortable Fall Wear,₹350.00,4.1 out of 5 stars,62
2026-08-21,Tees & Polos,64,B0BXLMFN4R,THE Indian Garage CO Men Polycotton Slim Fit Shirt,₹542.00,4.0 out of 5 stars,"1,889"
2026-08-21,Tees & Polos,65,B07PNBZ2CR,ONN Men's Polo,₹519.00,4.0 out of 5 stars,"3,475"
2026-08-21,Tees & Polos,66,B0C1HBX35F,AMERICAN CREW Polo Collar T-Shirt for Men with Pocket,₹699.00,4.2 out of 5 stars,"1,125"
2026-08-21,Tees & Polos,67,B0B5YF27DH,Van Heusen Formal Checkered Shirt for Men| Premium Cotton| Full Sleeves| Slim Fit |Breathable Fabric,₹980.00,4.0 out of 5 stars,"2,978"
2026-08-21,Tees & Polos,68,B0F47SWSNL,Highlander Men Shirt,₹450.00,4.0 out of 5 stars,"1,214"
2026-08-21,Tees & Polos,69,B0CVSBJ8J6,Peter England Men's Slim Fit Full Sleeve Striped Formal Shirt | Cotton Rich | Wonder Fabric | Pin Point Oxford,₹939.00,4.3 out of 5 stars,368
2026-08-21,Tees & Polos,70,B0CWP4321C,Nobero Men's Graphic Printed Regular Fit Cotton T-Shirt (Pack of 3),₹999.00,3.9 out of 5 stars,"1,382"
2026-08-21,Tees & Polos,71,B073ZLK8W3,Amazon Brand - Symbol Men's Cotton Formal Shirt | Plain | Full Sleeve - Regular Fit (Available in Plus Sizes),₹549.00,3.8 out of 5 stars,"14,525"
2026-08-21,Tees & Polos,72,B0D5HR322C,"Louis Philippe Men's Slim Fit Signature Oxford Easy Care, Natural Stretch Full Sleeve Solid Casual Shirt, Cotton","₹1,471.00",4.1 out of 5 stars,748
2026-08-21,Tees & Polos,73,B0H752HH7J,QUTUN Men's Premium Waffle Knit Henley Tshirt for Men,₹349.00,4.5 out of 5 stars,21
2026-08-21,Tees & Polos,74,B0GYJ8R15C,Scott International Men's Regular Fit T-Shirt | Men's T-Shirt | Tees for Man | Tshirt for Men Stylish | Round Neck Tshirt for Man,₹299.00,3.7 out of 5 stars,"43,356"
2026-08-21,Tees & Polos,75,B0FH4T159F,LEOTUDE Men Polycotton Classy Look Regular Fit Round Neck Half Sleeve,₹298.00,3.8 out of 5 stars,850
2026-08-21,Tees & Polos,76,B0DBD19H3N,Majestic Man Men Comfort Slim Fit Checked Pure Cotton Half Sleeve Casual Shirt,₹499.00,4.1 out of 5 stars,"1,083"
2026-08-21,Tees & Polos,77,B0GTM3TLJ4,DEELMO Men’s Stylish Cotton Blend Casual Chakes Shirt || Full Sleeve Shirt with Dual Flap Pockets Fabric || Perfect for Casual and Classic Fit & Style || Stylish Everyday Wear,₹599.00,4.1 out of 5 stars,40
2026-08-21,Tees & Polos,78,B0DZNNKQ3R,JVX Men T-Shirt | Full Sleeve T Shirt(MRT-209),₹399.00,3.7 out of 5 stars,"1,572"
2026-08-21,Tees & Polos,79,B0DZP268MG,Amul Comfy Men’s Vest | 100% Cotton Single Jersey Fabric | U Neck Sleeveless Innerwear | Ultra Soft Hand Feel | Seamless Body | Superior Comfort Color May Vary (Pack of 3),₹214.00,4.1 out of 5 stars,492
2026-08-21,Tees & Polos,80,B0DPCRGNSB,"MILDIN Men's Premium Cotton Full Sleeve Shirt | Formal & Casual Wear |Soft Breathable Fabric | Regular Fit | Office, Business",₹395.00,4.0 out of 5 stars,947
2026-08-22,Bestsellers in Men's Clothing,1,B06Y2FG6R7,"Allen Solly Men’s Polo T‑Shirt | Comfortable Rich Cotton Blend, Band Collar, Regular Fit | Stylish & Premium All Day Wear",₹699.00,4.1 out of 5 stars,"82,374"
2026-08-22,Bestsellers in Men's Clothing,2,B07MZG27XK,Amazon Brand - Symbol Men's Cotton Rich Solid Polo Tshirt | Collar Tshirts | Half Sleeves | Plain-Regular Fit (Available in Plus Sizes and Combo Pack of 2),₹399.00,3.9 out of 5 stars,"39,791"
2026-08-22,Bestsellers in Men's Clothing,3,B0DGX12XXV,"SWAGR 12 Pairs Sports Cotton Ankle Length Socks for Men, Pack of 12., Assorted",₹196.99,4.1 out of 5 stars,"7,374"
2026-08-22,Bestsellers in Men's Clothing,4,B0CJFQWSYZ,Jockey 8009 Men Super Combed Cotton Solid Long Trunk Boxer Brief(Pack of 3),₹810.00,4.2 out of 5 stars,"4,175"
2026-08-22,Bestsellers in Men's Clothing,5,B012SX56OG,Jockey IC28 Men Tactel Microfiber Elastane Stretch Solid Trunk with Moisture Move Properties,₹629.00,4.4 out of 5 stars,"14,083"
2026-08-22,Bestsellers in Men's Clothing,6,B076CMJXML,Van Heusen Men's Cotton Solid Regular Fit Collar Polo T-Shirt,₹699.00,4.0 out of 5 stars,"45,132"
2026-08-22,Bestsellers in Men's Clothing,7,B014213BHG,Jockey 8037 Men Super Combed Cotton Solid Brief with Ultrasoft Waistband_(Pack of 2),₹378.00,4.3 out of 5 stars,"14,887"
2026-08-22,Bestsellers in Men's Clothing,8,B0D4VQ5NDD,Louis Philippe Men's Slim Fit Single-Tuck Pique Stylized Sleeve Print and Contrast Tipping Half Sleeve Solid Cotton Polo Tshirt,₹764.00,4.0 out of 5 stars,"1,618"
2026-08-22,Bestsellers in Men's Clothing,9,B0DWK2B887,KOTTY Mens Regular Fit|Classic Design with Stylish Look |Day Comfort|Mide Rise Strachable Jeans,₹520.00,3.7 out of 5 stars,"2,557"
2026-08-22,Bestsellers in Men's Clothing,10,B071KKRY5N,Lux Cozi Men's White Round Neck Sleeveless Cotton Vest (Pack of 3),₹349.00,4.2 out of 5 stars,"14,393"
2026-08-22,Bestsellers in Men's Clothing,11,B00W04OTYM,Jockey 8820 Men's Super Combed Cotton Round Neck Sleeveless Vest with Extended Length for Easy Tuck (Pack of 3),₹647.00,4.3 out of 5 stars,"12,782"
2026-08-22,Bestsellers in Men's Clothing,12,B0FBWMFNLC,"DAMENSCH Form Shapewear for Men, Comfortable and Stretchy Body Shaper for Man, Posture Correcting Tummy Tucker, Breathable Gynecomastia Compression T Shirt, Ideal for Parties Shirt Tucker for Men",₹979.00,3.5 out of 5 stars,655
2026-08-22,Bestsellers in Men's Clothing,13,B0DHXJT8HR,"ROYALSCOUT Men's Cotton Polyester Blend Solid Regular Fit Full Sleeve Short Kurta | Ethnic, Lightweight Summer Kurta for Daily & Occasion Use",₹495.00,4.0 out of 5 stars,"3,135"
2026-08-22,Bestsellers in Men's Clothing,14,B073WCLVH6,Van Heusen Men’s Cotton Boxer Briefs Pack of 2 | Long Trunk | No ride-up | Super Combed Cotton for softness | Open Front Fly | Moisture‑Wicking | Sweat Absorbant | All‑Day Fresh Technology | Long Lasting Colors |Soft Plush Waistband | Label‑Free Comfort | style 10032,₹518.00,4.1 out of 5 stars,"17,551"
2026-08-22,Bestsellers in Men's Clothing,15,B0F4NGRKY4,DEELMO Men's Casual Button Down Shirts Long Sleeve Linen Shirt Fashion Textured Beach Summer Shirt,₹495.00,4.0 out of 5 stars,"1,255"
2026-08-22,Bestsellers in Men's Clothing,16,B09XMV6125,Peter England Men's Regular Fit Insignia Half Sleeve Polo T-Shirt | Cotton Rich | Premium Pique Weave,₹626.00,4.0 out of 5 stars,"4,190"
2026-08-22,Bestsellers in Men's Clothing,17,B0FVY7GNBN,Men's Cotton Baggy Trackpants | Oversized Fit Streetwear & Gym Wear | Comfortable Casual Joggers for Men,₹299.00,3.8 out of 5 stars,"1,743"
2026-08-22,Bestsellers in Men's Clothing,18,B0DB5GZYHP,Mehrang Men's Stretchable Stretchable Formal Pant Trousers | Stylish Slim Fit Men's Wear Trousers for Office or Party | Polycotton Knitted Fabric,₹299.00,3.6 out of 5 stars,"2,761"
2026-08-22,Bestsellers in Men's Clothing,19,B0C1RY2VXR,Peter England Men's Snug Fit Solid Polo T-Shirt with Coloured Collar Tipping| Cotton Rich| Premium Pique Weave,₹602.10,4.1 out of 5 stars,"3,135"
2026-08-22,Bestsellers in Men's Clothing,20,B0C3HRWRBF,"ZORO Men's Genuine Leather Belt for Men | Black,Brown,Tan",₹269.00,4.0 out of 5 stars,"2,627"
2026-08-22,Bestsellers in Men's Clothing,21,B07X63HHPH,Levi's 010 Classic Boxer Briefs for Men | 100% Pure Cotton | Breathable | Branded Inner Elastic | Anti-Roll Waistband | Supportive Gusset | Functional Fly | No Ride-Up Long Length Fit | Pack of 2,₹440.00,4.1 out of 5 stars,"12,552"
2026-08-22,Bestsellers in Men's Clothing,22,B0CVXR2T43,Lux Cozi Men's Half Sleeve Soild Casual Regular Fit T-Shirt with Chest Pocket | Polo Tshirt for Men,₹395.00,3.9 out of 5 stars,"3,834"
2026-08-22,Bestsellers in Men's Clothing,23,B0CBX4LNT9,U TURN Men's Casual Printed Striped Stylish Latest Formal Plus Size Shirt for Men | Cotton Mix 220 GSM,₹398.00,3.5 out of 5 stars,"2,379"
2026-08-22,Bestsellers in Men's Clothing,24,B08R8X6QB2,Peter England Men Cotton Ankle Length Socks,₹295.00,4.0 out of 5 stars,"4,698"
2026-08-22,Bestsellers in Men's Clothing,25,B0B5GYS4YC,XYXX Men's Aero Super Combed Cotton Regular Fit Solid Antimicrobial Trunks with No Marks Waistband (Pack of 2),₹439.00,4.0 out of 5 stars,"5,995"
2026-08-22,Bestsellers in Men's Clothing,26,B0BWPGC2PR,"SWAGR Ankle Socks for Men & Women, Multicolor, Pack of 5, Free Size",₹115.00,3.9 out of 5 stars,"5,671"
2026-08-22,Bestsellers in Men's Clothing,27,B0B56ZTLSK,Jockey 2714 Men Super Combed Cotton Rich Round Neck Half Sleeve T-Shirt,₹569.00,4.2 out of 5 stars,"21,421"
2026-08-22,Bestsellers in Men's Clothing,28,B0DRFN3SBV,Lymio Men Shorts || Cotton Short for Men || with Pocket Style (Shorts-09-12),₹599.00,3.8 out of 5 stars,"1,583"
2026-08-22,Bestsellers in Men's Clothing,29,B08V56NV1B,"XYXX Men's Uno Micromodal Antimicrobial Trunks | Snug Fit, 4-Way Stretch & No-Marks Waistband Underwear for Men Combo (Pack of 2)",₹499.00,3.9 out of 5 stars,"8,458"
2026-08-22,Bestsellers in Men's Clothing,30,B081QJW5GG,Amazon Brand - Symbol Men's Solid Cotton Formal Shirt | Plain | Full Sleeve - Regular Fit (Available in Plus Sizes),₹549.00,3.9 out of 5 stars,"11,171"
2026-08-22,Bestsellers in Men's Clothing,51,B09DCKXK3M,Labnoft Men's Auto Lock Vegan Leather Belt,₹699.00,4.3 out of 5 stars,"10,057"
2026-08-22,Bestsellers in Men's Clothing,52,B07X63BBKZ,Levi's 009 Neo Brief for Men | 100% Pure Cotton | Solid Men's Underwear | Breathable | Branded Outer Elastic Anti-Roll Waistband | Extra Supportive Gusset | Dual Layer 3D Pouch | Tagless | Pack of 2,₹325.00,3.9 out of 5 stars,"26,858"
2026-08-22,Bestsellers in Men's Clothing,53,B0FMFH11PQ,"MADHAVISTA Combo of Men’s Casual Cotton Blend Shirt || Long Sleeve Button Down with Spread Collar | Lightweight Breathable Fabric | Stylish Solid Shirt for Beach, Office & Everyday Wear Pack of 2",₹495.00,3.7 out of 5 stars,467
2026-08-22,Bestsellers in Men's Clothing,54,B01CP5V3SA,Jockey FP04 Men Super Combed Cotton Rib Round Neck Sleeveless Vest Regular Fit,₹349.00,4.3 out of 5 stars,"8,605"
2026-08-22,Bestsellers in Men's Clothing,55,B0D4VPH1YB,Louis Philippe Men's Slim Fit Premium High-End Pique in Superior Cotton Cut & Sew Design Color Block Shoulder Half Sleeve Polo Tshirt,"₹1,119.00",4.1 out of 5 stars,968
2026-08-22,Bestsellers in Men's Clothing,56,B073X4WZCW,Amazon Brand - Symbol Men's Solid Cotton T Shirt | Round Neck | Half Sleeve | Plain-Regular Fit (Available in Plus Sizes),₹348.00,4.0 out of 5 stars,"19,747"
2026-08-22,Bestsellers in Men's Clothing,57,B0GSGXJX7Y,boffi ... 100% Cotton Oversized T-Shirt Unisex Drop Shoulder Dye Washed Street Look Black Pack of 1,₹332.00,3.5 out of 5 stars,"1,811"
2026-08-22,Bestsellers in Men's Clothing,58,B0C3DCMG2W,Pepe Jeans Men's Solid Cotton Poly Regular Fit Track Pants | Relaxed Athleisure Sportswear for Gym & Leisure Wear | Durable Poly Cotton Blend | Adjustable Elastic Waist with Drawstring | Dual Pockets,₹749.00,3.8 out of 5 stars,"3,420"
2026-08-22,Bestsellers in Men's Clothing,59,B07TLF2KYF,Amazon Brand - Symbol Men's Cotton Printed Boxer Shorts (Combo Pack of 2) Casual | Underwear | Half Pants | Short Pant - Regular Fit with Back Pocket,₹449.00,3.9 out of 5 stars,"26,979"
2026-08-22,Bestsellers in Men's Clothing,60,B0BDYRFZYD,"Jockey US57 Men Super Combed Mercerized Cotton Woven Printed Boxer Shorts with Side Pockets_(Pack of 2, Prints May Vary)",₹999.00,4.1 out of 5 stars,"4,134"
2026-08-22,Bestsellers in Men's Clothing,61,B0DP7M6DRY,Lymio Polo T Shirt for Men || T Shirt for Man || Collar T Shirt Style Men (Packs Also Available) (Polo-40-43),₹429.00,3.6 out of 5 stars,925
2026-08-22,Bestsellers in Men's Clothing,62,B07X42YDKZ,Levi's 001 Classic Boxer Brief for Men | 100% Pure Cotton | Solid | Mid-Rise Men's Underwear | Anti-Roll Waistband | Durable Comfort with Extra Supportive Gusset | Functional Fly | Pack of 2,₹415.00,3.9 out of 5 stars,"5,084"
2026-08-22,Bestsellers in Men's Clothing,63,B07CYVRGVH,Amazon Brand - Symbol Men's Cotton Shirt | Casual | Plain | Full Sleeve | Summer - Regular Fit (Available in Plus Sizes),₹549.00,3.8 out of 5 stars,"9,036"
2026-08-22,Bestsellers in Men's Clothing,64,B0G6KM9NS8,"Linen Pants for man | Lower for man | Chinos for Casual Wear |Straight fit Trouser for Men | Elastic Waist Brethable All Season Pants for Regular, Office Wear",₹745.00,3.9 out of 5 stars,"1,109"
2026-08-22,Bestsellers in Men's Clothing,65,B0CNKNMSBL,"Boldfit Arm Sleeves for Men & Women UV Protection Hand Sleeve with Thumb for Boys & Girls Sun Protection Cover for Running, Bike Riding, Cricket - Nylon - Black - 1 Pair",₹189.00,3.9 out of 5 stars,"3,485"
2026-08-22,Bestsellers in Men's Clothing,66,B0FHDL7JY8,LEOTUDE Men's Half Sleeve Round Neck Cottonblend Graphic Print Oversized,₹298.00,3.9 out of 5 stars,"1,141"
2026-08-22,Bestsellers in Men's Clothing,67,B0GKV18R4N,AUSK Baggy Hip-Hop T-Shirt for Men - Graphic Printed T Shirts || Oversized Men Tshirt || T-Shirts,₹298.00,3.4 out of 5 stars,310
2026-08-22,Bestsellers in Men's Clothing,68,B00W062UQO,Jockey 9930 Men Super Combed Cotton Rib Solid Round Neck Muscle Vest Regular Fit,₹359.00,4.2 out of 5 stars,"10,620"
2026-08-22,Bestsellers in Men's Clothing,69,B08JQD1QYZ,"Supersox Calf Length Formal Office Socks for Man | Combed Cotton | Breathable, Moisture Absorbent & Anti-Odor | Free Size | Pack of 3",₹277.00,4.1 out of 5 stars,"4,300"
2026-08-22,Bestsellers in Men's Clothing,70,B0DVZHG9BB,Mack Jonney Regular Trouser Loose Fit | Sports for Men Stylish Track Pant-MACK640418,₹388.00,3.7 out of 5 stars,"1,633"
2026-08-22,Bestsellers in Men's Clothing,71,B07YT1GKKH,Amazon Brand - Symbol Men's Stretchable Formal Pants | Trousers (Slim Fit),₹799.00,3.8 out of 5 stars,"16,317"
2026-08-22,Bestsellers in Men's Clothing,72,B0CGLLYV2D,CB-COLEBROOK Men's Regular Fit Solid Soft Touch Cotton Casual Shirt with Pocket Design with Spread Collar & Full Sleeves (Available in Plus Size),₹495.00,3.6 out of 5 stars,"4,565"
2026-08-22,Bestsellers in Men's Clothing,73,B01420GCWI,Jockey 8008 Men Super Combed Cotton Solid Long Trunk Boxer Brief(Pack of 2),₹520.00,4.3 out of 5 stars,"11,226"
2026-08-22,Bestsellers in Men's Clothing,74,B0D83WSP8C,"Boldfit Shorts for Men Training Gym Shorts for Men Workout Lightweight Running Short for Man Badminton Short for Boys Breathable Gym Wear for Boys Half Pant for Running, Cycling, Workout, Pickleball",₹499.00,4.1 out of 5 stars,"1,485"
2026-08-22,Bestsellers in Men's Clothing,75,B0DGDBSL9Q,GRECIILOOKS Men's Loose Mid Rise Casual Trousers Pants | Regular | Sports Stylish Track Pant | Sweatpants (Available in Plus Size),₹499.00,3.8 out of 5 stars,"3,661"
2026-08-22,Bestsellers in Men's Clothing,76,B0CZL9H7J5,XYXX Men's Nova 100% Combed Cotton Regular Fit Polo T-Shirt,₹629.00,3.9 out of 5 stars,748
2026-08-22,Bestsellers in Men's Clothing,77,B0CK6LC8QR,Majestic Man Men Classic Slim Fit Pure Cotton Casual Shirt,₹499.00,3.9 out of 5 stars,"2,280"
2026-08-22,Bestsellers in Men's Clothing,78,B0D5LZ382X,Louis Philippe Men's Cotton Slim Fit Over Dyed Color Depth Comfortable and Durable Soft Handfeel Full Sleeve Solid Casual Shirt,"₹1,259.00",3.8 out of 5 stars,923
2026-08-22,Bestsellers in Men's Clothing,79,B0CNM4VGHP,DEELMO Men's Cotton Blend Mandarin Collar Self One Design Full Sleeve Casual Short Kurta,₹485.00,3.5 out of 5 stars,"2,481"
2026-08-22,Bestsellers in Men's Clothing,80,B09X5RLGY5,Jockey 7036 Men Compact Cotton Terry Ankle Length Socks With StayFresh Treatment_(Pack of 3),₹432.00,4.1 out of 5 stars,"4,374"
2026-08-22,Trunks,1,B012SX56OG,Jockey IC28 Men Tactel Microfiber Elastane Stretch Solid Trunk with Moisture Move Properties,₹629.00,4.4 out of 5 stars,"14,083"
2026-08-22,Trunks,2,B0B5GYS4YC,XYXX Men's Aero Super Combed Cotton Regular Fit Solid Antimicrobial Trunks with No Marks Waistband (Pack of 2),₹439.00,4.0 out of 5 stars,"5,995"
2026-08-22,Trunks,3,B08V56NV1B,"XYXX Men's Uno Micromodal Antimicrobial Trunks | Snug Fit, 4-Way Stretch & No-Marks Waistband Underwear for Men Combo (Pack of 2)",₹499.00,3.9 out of 5 stars,"8,458"
2026-08-22,Trunks,4,B0GWQSFZ98,SWAGR 5 Pack Men's Super Combed Cotton Underwear Trunks | Classic TruComfort Fit | Powered by ZincShield Anti-Bacterial Tech | Aerflo Breathability | 4-Way FlexStretch | SOXCO Style SG05,₹594.14,4.1 out of 5 stars,575
2026-08-22,Trunks,5,B0DXPPCRJQ,XYXX Men's Aero Super Combed Cotton Regular Fit Solid Antibacterial Trunk,"₹1,099.00",4.2 out of 5 stars,955
2026-08-22,Trunks,6,B071GYQ6SY,Lux Cozi Mens 100% Cotton Solid Mini Trunk | Mini Trunk Underwear for Men | Color and Print May Vary | Pack of 3,₹379.00,3.8 out of 5 stars,"7,708"
2026-08-22,Trunks,7,B07S3H5YXD,Levi's 003 Classic Trunk for Men | 100% Pure Cotton | Solid | Durable Comfort | Breathable Men's Underwear | Anti-Roll Waistband | Extra Supportive Gusset | No Ride-Up Leg Fit | Pack of 2,₹419.00,3.9 out of 5 stars,"6,637"
2026-08-22,Trunks,8,B0BL3HQP75,Lux Cozi Men's Cotton Bigshot Trunk - Pack of 3,₹369.00,3.9 out of 5 stars,"1,427"
2026-08-22,Trunks,9,B08RHJZDXX,DAMENSCH Deo-Cotton Solid Underwear Pack of 1 Breathable Inner for Men Cotton Trunks for Men Pack No-Marks Waistband Mens Underwear Moisture Wicking Underwear for Men Combo,₹289.00,4.2 out of 5 stars,"1,615"
2026-08-22,Trunks,10,B0D3DN978Y,U.S. Polo ASSN. Mens OET06 Flag Elastic Antibacterial Underwear Trunks - Pack of 2,₹608.00,4.0 out of 5 stars,778
2026-08-22,Trunks,11,B0FWBKJ29C,Jockey FP23 Men Super Combed Cotton Elastane Stretch Printed Trunk with Ultrasoft Waistband_(Prints May Vary),₹378.00,4.0 out of 5 stars,"6,044"
2026-08-22,Trunks,12,B00WFSO3LM,Jockey 1015 Men's Super Combed Cotton Rib Solid Trunk with Stay Fresh Properties,₹290.00,4.1 out of 5 stars,"9,015"
2026-08-22,Trunks,13,B0GWDCSW62,"DAMENSCH Men’s Compression Shapewear Trunk, Comfortable Stretchy Body Shaper, Posture Correcting Tummy Tucker, Breathable Support Underwear","₹1,199.00",3.9 out of 5 stars,93
2026-08-22,Trunks,14,B00W04L49K,Jockey US21 Men's Super Combed Cotton Elastane Stretch Solid Trunk with Ultrasoft Waistband,₹329.00,4.0 out of 5 stars,"15,831"
2026-08-22,Trunks,15,B08RHNRQMC,DAMENSCH Deo-Cotton Printed Underwear for Men,₹879.00,4.2 out of 5 stars,"4,060"
2026-08-22,Trunks,16,B0B9GD6RNV,Jockey NY02 Men Super Combed Cotton Elastane Stretch Printed Trunk with Ultrasoft Waistband_(Prints May Vary),₹429.00,4.1 out of 5 stars,"1,457"
2026-08-22,Trunks,17,B0BQ6GMMVP,U.S. Polo ASSN. Mens ET002 Anti Microbial Branded Stretch Cotton Underwear Trunk -Pack of 2,₹654.00,4.0 out of 5 stars,"1,754"
2026-08-22,Trunks,18,B0C49H45V4,HEELIUM Bamboo Underwear Trunk for Men | 3X Softer Than Cotton & Odour Free | Stretchy Fabric & Durable Waistband,₹899.00,4.0 out of 5 stars,"1,009"
2026-08-22,Trunks,19,B0C6QTD2TS,Lux Cozi Men's Cotton Printed Mini Trunks Pack of 3 | Inner Elastic Waistband | Soft & Breathable Cotton Underwear for Men | Printed Mini Trunk | Comfortable Everyday Innerwear -Color & Print May Vary,₹461.00,3.8 out of 5 stars,"4,900"
2026-08-22,Trunks,20,B08W9PNQM5,"XYXX Men's Uno Micromodal Antimicrobial Trunks | Snug Fit, 4-Way Stretch & No-Marks Waistband Underwear for Men Combo (Pack of 5)","₹1,249.00",4.0 out of 5 stars,"1,459"
2026-08-22,Trunks,21,B0CJFTD6HQ,Jockey 8009 Men Super Combed Cotton Solid Long Trunk Boxer Brief(Pack of 3),₹830.00,4.2 out of 5 stars,"4,175"
2026-08-22,Trunks,22,B0CVSFMR7J,DAMENSCH Men Trunks,₹559.00,4.3 out of 5 stars,432
2026-08-22,Trunks,23,B08WRHNMJX,DAMENSCH Pack of 2 Regular Fit Printed Cotton Blend Anti-Bacterial Moisture Wicking Breathable Microfiber Waistband Stretchable Deo Cotton Trunk for Men,₹549.00,4.2 out of 5 stars,"3,528"
2026-08-22,Trunks,24,B084SLTD5G,"Freecultr Men's Underwear Micromodal Airsoft Trunk – Ultra Soft, Sweat Proof, Non-Itch, No Chafing, Anti Bacterial Fabric (Pack of 3) | Mens Underwear Combo Pack of 3",₹799.00,4.0 out of 5 stars,"6,251"
2026-08-22,Trunks,25,B0H2Z1BSJ4,ANTICMART Men’s Printed Boxer Briefs Pack of 5 | Soft Stretch Breathable Trunks Underwear for Men | Multicolor Designer Innerwear for Men,₹399.00,3.9 out of 5 stars,113
2026-08-22,Trunks,26,B07X42YDKZ,Levi's 001 Classic Boxer Brief for Men | 100% Pure Cotton | Solid | Mid-Rise Men's Underwear | Anti-Roll Waistband | Durable Comfort with Extra Supportive Gusset | Functional Fly | Pack of 2,₹415.00,3.9 out of 5 stars,"5,084"
2026-08-22,Trunks,27,B098SMNF2H,"Dixcy Scott Cross Trunk | Long Leg Trunks for Men | 100% Combed Cotton | Soft, Sweat-Absorbent Waistband | C-Open Front Men's Underwear | Self-Hem Leg Grip Innerwear for Man | Pack of 3",₹364.00,3.8 out of 5 stars,"11,717"
2026-08-22,Trunks,28,B07N2QNF55,"DAMENSCH Deo-Soft Solid Supima Modal Fabric Trunk | 3x Softer than Regular Cotton, 5x Odour-Cancellation, Advanced Moisture Control, Lasts 2x Longer than Regular Modal Underwear",₹439.00,4.3 out of 5 stars,"1,700"
2026-08-22,Trunks,29,B09KV212VR,Jockey 8015 Men Super Combed Cotton Solid Trunk (Pack of 2),₹549.00,4.1 out of 5 stars,"1,103"
2026-08-22,Trunks,30,B07KPLFNYM,Jockey IC30 Men Tactel Microfiber Elastane Stretch Printed Trunk,₹649.00,4.3 out of 5 stars,"3,572"
2026-08-22,Trunks,51,B0727Y4RFX,Jockey IC25 Men Tencel Micro Modal Cotton Elastane Stretch Solid Trunk with Natural StayFresh Properties,₹429.00,4.1 out of 5 stars,"2,076"
2026-08-22,Trunks,52,B0C5CLPMD2,Lux Cozi Men's Cotton Printed Inner Elastic Long Trunks for Men | Soft & Breathable Cotton Underwear | Comfortable Stretch Waistband | Printed Long Trunk Underwear Color & Print May Vary - Pack of 3,₹570.00,4.0 out of 5 stars,352
2026-08-22,Trunks,53,B00W03R71A,Jockey 8008 Men Super Combed Cotton Solid Long Trunk Boxer Brief(Pack of 2),₹526.00,4.3 out of 5 stars,"11,226"
2026-08-22,Trunks,54,B0BQ6FWGFN,U.S. Polo ASSN. Mens ET004 Anti Microbial Cotton Stretch Essential Underwear Trunk -Pack of 2,₹597.00,4.0 out of 5 stars,"1,061"
2026-08-22,Trunks,55,B0BCMPP744,"DAMENSCH Regular Fit Solid Trunks for Men Pack of 3| Combed Cotton, Stretchy Fabric, Anti-Bacterial and Microfibre Waistband",₹949.00,4.3 out of 5 stars,"2,490"
2026-08-22,Trunks,56,B0F541TH8Q,Jockey IC28 Men Tactel Microfiber Elastane Stretch Solid Trunk with Moisture Move Properties_(Pack of 2),"₹1,199.00",4.3 out of 5 stars,152
2026-08-22,Trunks,57,B071GYQGM6,"Lux Cozi Men's Long Trunk Underwear Pack of 3 | Premium Super Combed Cotton Boxer Briefs for Men | Breathable,Moisture-Wicking | Soft Waistband | Comfortable Innerwear | Color May Vary",₹496.00,4.0 out of 5 stars,"4,578"
2026-08-22,Trunks,58,B09KV2XMG3,Jockey 8015 Men's Super Combed Cotton Rib Solid Trunk with Ultrasoft Waistband,₹279.00,4.0 out of 5 stars,"7,689"
2026-08-22,Trunks,59,B0BZW9MWDD,XYXX Men's Dualist Micromodal Regular Fit Colorblock Antimicrobial Trunks with No Marks Waistband (Pack of 3),₹999.00,4.1 out of 5 stars,749
2026-08-22,Trunks,60,B0D8MZVKJ5,"Lux Classic Men's Inner Elastic Trunks - Pack of 5 (Color May Vary) | Premium 100% Cotton | Ultimate Comfort Breathable, Soft & Durable | Everyday Essential Lux Underwear",₹575.00,4.1 out of 5 stars,699
2026-08-22,Trunks,61,B07XYT336J,"XYXX Men's Cloudsoft Micromodal Premium Trunks|Snug Fit, 4-Way Stretch, Soft No-Marks Waistband|Underwear for Men Combo (Pack of 3)","₹1,045.00",3.9 out of 5 stars,"2,320"
2026-08-22,Trunks,62,B08PKY91FY,DAMENSCH Men's Modal Trunks,₹429.00,4.3 out of 5 stars,"1,177"
2026-08-22,Trunks,63,B09RY8XWRL,"Van Heusen Men's Trunk Pack of 1 | Air Series | Lightest Underwear | Mesh Fabric | Breathable Active Trunks | Moisture-Wicking & Sweat Absorbent | No Ride-Up Fit | Gym, Sports & Activewear Underwear | Style 40047",₹689.00,4.2 out of 5 stars,247
2026-08-22,Trunks,64,B08W598K3V,"XYXX Men's CloudSoft Micro Modal Trunks| Snug Fit, 4-Way Stretch & No-Marks Waistband Underwear for Man",₹299.00,4.2 out of 5 stars,404
2026-08-22,Trunks,65,B0H28SCNRX,"MERIWOOL Men's Ultra-Comfort Ice Silk Lycra Underwear | Moisture-Wicking, Breathable Boxers for Men | Seamless Design | (Any 3 Multicolor) Pack of 3",₹449.00,4.3 out of 5 stars,"1,435"
2026-08-22,Trunks,66,B0B8YQDQ71,DaMENSCH Regular Fit Solid Cotton Blend Trunk Underwear Anti-Bacterial Moisture Wicking Breathable Microfibre Waistband Deo-Cotton Trunks for Men,₹599.00,4.3 out of 5 stars,"1,802"
2026-08-22,Trunks,67,B0CVXD868C,"DAMENSCH Men Solid Anti-Odour Peppermint Finish, Ultra Soft with Premium Shine EPP Classic Trunks",₹239.00,4.1 out of 5 stars,722
2026-08-22,Trunks,68,B084RWVRJY,"Freecultr Men's Underwear Micromodal Airsoft Trunk Comfortable – Sweat Proof, Non-Itch, No Chafing, Ultra Soft & Breathable Fabric | Mens Underwear Combo Pack of 2",₹418.00,3.9 out of 5 stars,"2,904"
2026-08-22,Trunks,69,B0CNP84TF3,Jockey LM06 Men Bamboo Cotton Elastane Stretch Breathable Mesh Trunk with StayDry Treatment,₹499.00,4.4 out of 5 stars,139
2026-08-22,Trunks,70,B07KXX1S4B,"XYXX Men's Cloudsoft Micromodal Premium Trunks|Antimicrobial, Snug Fit, No-Marks Waistband|Underwear for Men Combo (Pack of 2)",₹759.00,3.9 out of 5 stars,970
2026-08-22,Trunks,71,B0DMVZPT1Z,U.S. Polo ASSN. Mens OET14 Anti Microbial Printed Cotton Blend Underwear Trunks - Pack of 3,₹899.00,4.1 out of 5 stars,92
2026-08-22,Trunks,72,B0BM9RBNC3,RAMRAJ COTTON Men Cotton Trunks – Multicolor| Outer Elastic Waistband With Double Side Pockets,₹600.00,4.2 out of 5 stars,337
2026-08-22,Trunks,73,B08RDM6MGG,"Freecultr Men's Micromodal Airsoft Trunks – Anti-Bacterial, Sweat-Proof, Ultra-Soft, No Itch, No Chafing, Breathable Comfort Men's Underwear Combo Pack of 5",₹999.00,3.9 out of 5 stars,"3,105"
2026-08-22,Trunks,74,B08W8LJ17H,"XYXX Men's Uno Micromodal Antimicrobial Trunks | Snug Fit, 4-Way Stretch & No-Marks Waistband Underwear for Men Combo (Pack of 3)",₹749.00,4.0 out of 5 stars,"5,115"
2026-08-22,Trunks,75,B0BTDJW4HC,Lux Cozi Men Trunks,₹249.00,3.8 out of 5 stars,394
2026-08-22,Trunks,76,B06XRYQ98R,XYXX Men's IntelliSoft Antimicrobial Micro Modal Ace Trunk,₹569.00,3.9 out of 5 stars,"3,282"
2026-08-22,Trunks,77,B0C5CRDHTC,Lux Cozi Men's Cotton Printed Inner Elastic Long Trunks for Men | Soft & Breathable Cotton Underwear | Comfortable Stretch Waistband | Printed Long Trunk Underwear | Color & Print May Vary - Pack of 5,₹836.00,4.0 out of 5 stars,815
2026-08-22,Trunks,78,B0CDWCKKKC,Levi's 003 Classic Trunk for Men | 100% Pure Cotton | Solid | Durable Comfort | Breathable Men's Underwear | Anti-Roll Waistband | Extra Supportive Gusset | No Ride-Up Leg Fit | Pack of 4,₹811.00,3.6 out of 5 stars,38
2026-08-22,Trunks,79,B07QL22DN7,"XYXX_Cloudsoft Micromodal Shuffle_ Trunks for Men, Pack of 2",₹649.00,3.9 out of 5 stars,"3,356"
2026-08-22,Trunks,80,B00WFVDBXA,Jockey US60 Men Super Combed Cotton Elastane Stretch Solid Trunk with Ultrasoft Waistband,₹359.00,4.1 out of 5 stars,"2,913"
2026-08-22,Vests,1,B071KKRY5N,Lux Cozi Men's White Round Neck Sleeveless Cotton Vest (Pack of 3),₹349.00,4.2 out of 5 stars,"14,393"
2026-08-22,Vests,2,B00W04OTYM,Jockey 8820 Men's Super Combed Cotton Round Neck Sleeveless Vest with Extended Length for Easy Tuck (Pack of 3),₹647.00,4.3 out of 5 stars,"12,782"
2026-08-22,Vests,3,B0FBWMFNLC,"DAMENSCH Form Shapewear for Men, Comfortable and Stretchy Body Shaper for Man, Posture Correcting Tummy Tucker, Breathable Gynecomastia Compression T Shirt, Ideal for Parties Shirt Tucker for Men",₹979.00,3.5 out of 5 stars,655
2026-08-22,Vests,4,B01CP5V3SA,Jockey FP04 Men Super Combed Cotton Rib Round Neck Sleeveless Vest Regular Fit,₹349.00,4.3 out of 5 stars,"8,605"
2026-08-22,Vests,5,B08BG3Z83R,"DAMENSCH Neo-Skin Round Neck Anti-Bacterial Bamboo Vest | Sustainable Bamboo Fabric, Luxuriously Soft, Naturally Anti-Bacterial, Advanced Moisture Control Fabric, Contoured Neckline",₹419.00,4.1 out of 5 stars,"2,185"
2026-08-22,Vests,6,B07W146W44,Lux Cozi Men's 100% Soft Cotton Vest Pack of 5 | Solid White Sleeveless Banyan for Men | Round Neck Vest | Breathable Lightweight Cotton Innerwear | Comfortable Regular Fit Undershirt for Daily Wear,₹570.00,4.3 out of 5 stars,857
2026-08-22,Vests,7,B0BHXHK3Q4,"DAMENSCH Anti-Bacterial Anti Odour Soft Cotton Vest | Buttery-Soft, Premium Cotton, Retains Shape Upto 2 Years, Anti-Bacterial, Odour-Cancelling Fabric, No-Peep Neckline",₹289.00,4.1 out of 5 stars,"2,746"
2026-08-22,Vests,8,B00W04O1K4,Jockey 8817 Men Super Combed Cotton Round Neck Half Sleeved Vest_(Pack of 2) Regular Fit,₹589.00,4.3 out of 5 stars,"2,890"
2026-08-22,Vests,9,B0F9L7F3PQ,"XYXX Men's Cotton Square Neck Seamless Vest | Invisible Vest for Man, Seamless Inner for Men",₹549.00,3.9 out of 5 stars,243
2026-08-22,Vests,10,B07D77699F,"Dixcy Scott Originals Classic Ribbed Vest |100% Combed Cotton | Rib 2x2 Men's Vest | No-Peep Neckline | Breathable, Sweat Absorbent Vest for Men | Cut Away Back Arm Hole | Innerwear for Man |Pack of 2",₹299.00,4.1 out of 5 stars,"10,747"
2026-08-22,Vests,11,B072NBTTZS,"Lux Cozi Men's Half Sleeve Vest Pack of 3 | Cotton Round Neck Vest for Men | White Cotton Banyan | Soft, Breathable & Lightweight Men's Innerwear",₹419.00,4.2 out of 5 stars,"4,453"
2026-08-22,Vests,12,B00W04PH48,Jockey 8823 Men Super Combed Cotton Rib Round Neck Sleeveless Vest with StayFresh Properties_(Pack of 2) Regular Fit,₹509.00,4.3 out of 5 stars,"2,135"
2026-08-22,Vests,13,B071GYQ6ST,Lux Cozi Men's 100% Cotton Sleeveless Round Neck Regular Fit Vest | Baniyan for Men | Vest for Men Pack of 3,₹379.00,4.0 out of 5 stars,"5,395"
2026-08-22,Vests,14,B07S28JYQZ,U.S. Polo ASSN. Men's I661 Round Neck Cotton Jersey Vest - Pack of 3,₹592.00,4.2 out of 5 stars,"2,796"
2026-08-22,Vests,15,B01N4TUR8N,"Rupa Jon Sleeveless Vest for Men, 100% Cotton Material, Round Neck, Pack of 5 Standard",₹315.00,4.1 out of 5 stars,"20,625"
2026-08-22,Vests,16,B00W04QF4E,Jockey 9922 Men Super Combed Cotton Rib Round Neck with Racerback Gym Vest Regular Fit,₹339.00,4.2 out of 5 stars,"10,043"
2026-08-22,Vests,17,B0DZP3D8CD,Amul Comfy Men’s Vest | 100% Cotton Single Jersey Fabric | U Neck Sleeveless Innerwear | Ultra Soft Hand Feel | Seamless Body | Superior Comfort Color May Vary (Pack of 6),₹607.00,4.1 out of 5 stars,368
2026-08-22,Vests,18,B0C5CTMFB1,"XYXX Men's 100% Cotton Ribbed Regular Fit Solid Square Neck Vest | Anti Bacterial Finish, Racer Back Baniyan for Man, Tag Free Comfort Man's Inner",₹599.00,4.0 out of 5 stars,631
2026-08-22,Vests,19,B0BG5S5MX2,Lux Cozi Men's Cotton Vest Pack of 3 | Sleeveless Gym Vest for Men | Soft Breathable Cotton Innerwear | Round Neck Regular Fit Undershirt | Men's Baniyan | Color May Vary,₹403.00,3.9 out of 5 stars,"6,376"
2026-08-22,Vests,20,B07VLYCZVD,"Dixcy Scott Originals Clasz Vest | 100% Combed Cotton | Men's Vest | No-Peep Neckline | Breathable, Sweat Absorbent Vest for Men | Cut Away Back Arm Hole | Innerwear for Man | Pack of 3 Regular Fit",₹299.00,4.0 out of 5 stars,"7,158"
2026-08-22,Vests,21,B0G264ZX4P,JUGULAR Tank Tops Sleeveless T-Shirt for Men Gym Wear Vest Solid Stylish Round Neck Running for Sports Workout Fitness & Casual or Beach Wear,₹240.00,3.9 out of 5 stars,230
2026-08-22,Vests,22,B0DBZ3Z9JC,"Lux Cozi 100% Cotton Men Sleeveless Round Neck Vest - Modern White Baniyan for Men, Pack of 3",₹305.00,4.2 out of 5 stars,993
2026-08-22,Vests,23,B0BRD13XTQ,"HEELIUM Bamboo Gym Vests for Men, Odour Free, Super Soft & Comfortable",₹999.00,4.0 out of 5 stars,835
2026-08-22,Vests,24,B06XTHG1DD,"VIP Men's Cotton Vest – Soft & Breathable Half Sleeve Innerwear for Everyday Comfort | Sweat-Absorbing, Quick-Dry | Regular Fit, Label-Free Design for Superior Ease & Durability. Pack of 5",₹549.00,4.0 out of 5 stars,"11,054"
2026-08-22,Vests,25,B09PL3NW1B,VIP Supreme Men's Cotton Regular Fit Vest (Pack Of 3),₹363.00,4.0 out of 5 stars,"4,096"
2026-08-22,Vests,26,B09MF8ZP66,"HEELIUM Bamboo Vest for Men, Super Soft, Odour Free, Comfort Fit Innerwear Vest","₹1,799.00",4.1 out of 5 stars,543
2026-08-22,Vests,27,B07MQ11SMH,Jockey MC06 Men Super Combed Cotton Half Sleeved Inner T-Shirt Regular Fit,₹379.00,4.0 out of 5 stars,"3,046"
2026-08-22,Vests,28,B01N6WM2KD,"Rupa Frontline Sleeveless Round Neck Vest for Men, 100% Cotton Material, Regular Fit, Pack of 3",₹339.00,4.1 out of 5 stars,"4,080"
2026-08-22,Vests,29,B00W04OHLC,Jockey Men Undershirt,₹458.00,4.3 out of 5 stars,"2,281"
2026-08-22,Vests,30,B0CKXW6R2V,Amul Comfy Men’s Vest | 100% Cotton Single Jersey Fabric | U Neck Sleeveless Innerwear | Ultra Soft Hand Feel | Seamless Body | Superior Comfort | Color May Vary (Pack of 3),₹309.00,3.9 out of 5 stars,293
2026-08-22,Vests,51,B00W04OA7I,Jockey 8820 Men Super Combed Cotton Round Neck Sleeveless Vest,₹239.00,4.2 out of 5 stars,"1,811"
2026-08-22,Vests,52,B08V99R94H,"DAMENSCH Neo-Skin Bamboo Blend, Round Neck, Anti-Bacterial, Thermoregulating, Shape Retaining Baniyan for Man, Soft and Sustainable Vest",₹879.00,4.2 out of 5 stars,"2,430"
2026-08-22,Vests,53,B0CXDV4DN8,"Designer Men Vest Versatile Cotton Sando/Baniyan/Ganji for Boys - Perfect for Gym Workouts, Vacations, and Beaches",₹676.00,3.9 out of 5 stars,945
2026-08-22,Vests,54,B0CDCT8Y2X,Poomex® Men's Cotton Vest (Pack of 3),₹398.00,4.5 out of 5 stars,210
2026-08-22,Vests,55,B01N6WR11F,"Rupa Jon Sleeveless Vest for Men, 100% Cotton Material, Round Neck, Pack of 3",₹220.00,4.0 out of 5 stars,"16,214"
2026-08-22,Vests,56,B0GVG74KNP,Three Times 5 Men’s Cotton Athletic Ribbed Vest | Sleeveless Gym Tank Top | Slim Fit Essential Innerwear,₹399.00,4.5 out of 5 stars,17
2026-08-22,Vests,57,B07MFYLZ2B,Lux Cozi Men's Cotton Solid Regular Fit Vest (Pack of 2),₹229.00,4.3 out of 5 stars,296
2026-08-22,Vests,58,B0DR5HSWD1,THE BLAZZE Vest for Men Sleeveless Tshirt for Men Breathable for Men Gym Vest for Men Lightweight Gym Men Vest Sleeveless T Shirts for Men Comfortable Gym Wear for Men Vests for Men L2596,₹283.00,3.8 out of 5 stars,66
2026-08-22,Vests,59,B08XNQ1KC8,"JUARI BE A GENTLEMAN Men's Cotton Regular Fit, Sleeveless, Stringer Y Back Tank Tops Look",₹649.00,3.9 out of 5 stars,"2,524"
2026-08-22,Vests,60,B0GMWL5WPD,"R LON Men's Cotton Ribbed Regular Fit Solid Round Neck Vest | Anti Bacterial Finish, Racer Back Baniyan for Man, Comfort Man's Inner,Sando",₹179.00,3.5 out of 5 stars,11
2026-08-22,Vests,61,B0CYSS3521,"Pepe Jeans Men's Solid 100% Cotton Regular Fit Gym Vest | Soft Breathable Athleisure Tank Top for Gym, Workout & Daily Innerwear Use | Round Neck | Sleeveless | Comfortable Everyday Casual Wear",₹348.00,4.0 out of 5 stars,77
2026-08-22,Vests,62,B07MGXTSS2,"RUPA Frontline Half Sleeves Round Neck Vest for Men, 100% Cotton Material, Regular Fit, Pack of 3",₹405.00,4.2 out of 5 stars,"1,405"
2026-08-22,Vests,63,B0FHWSDBNK,"Rockwell Men’s Premium Cotton Vest – Sleeveless Gym Undershirt | Breathable, Stretchable & Skin-Friendly Innerwear for Everyday Comfort | 002",₹349.00,4.0 out of 5 stars,173
2026-08-22,Vests,64,B0F8TYKDQB,SANE ORIGINALS Gym Sandos for Men || Sando Tank Top || Combo Pack of 2,₹473.00,4.0 out of 5 stars,103
2026-08-22,Vests,65,B0DVQJWR61,"FirstFit Cotton Slimming Tummy Tucker Vest, Underwear Shapewear Slim Body Shaper for Men",₹499.00,4.4 out of 5 stars,200
2026-08-22,Vests,66,B0H2W4ZKD9,"Rockwell Men’s Premium Cotton Vest – Sleeveless Gym Undershirt | Breathable, Stretchable & Skin-Friendly Innerwear for Everyday Comfort | 391",₹349.00,3.5 out of 5 stars,5
2026-08-22,Vests,67,B09TD831M6,Wearslim® Men’s Slimming Body Shaper Vest Shirt | Abs Abdomen Slim Stretchable Tummy Tucker Vest,₹417.00,3.4 out of 5 stars,"1,345"
2026-08-22,Vests,68,B09YRTWJ58,"XYXX Men's 100% Combed Cotton Ribbed Regular Fit Solid Round Neck Vest | Anti Bacterial Finish, Racer Back Baniyan for Man, Tag Free Comfort Man's Inner (Pack of 3)",₹929.00,3.9 out of 5 stars,699
2026-08-22,Vests,71,B0DH3GC6G8,LUX VENUS Men’s Vest - 100% Cotton Premium Baniyan (Color May Vary),₹303.00,4.0 out of 5 stars,259
2026-08-22,Vests,72,B09YRT12JH,"XYXX Men's 100% Combed Cotton Ribbed Regular Fit Solid Round Neck Vest | Anti Bacterial Finish, Racer Back Baniyan for Man, Tag Free Comfort Man's Inner",₹319.00,4.1 out of 5 stars,497
2026-08-22,Vests,73,B01N6WNQGZ,Rupa Jon White Round Neck Sleeveless Men Vest | 100% Cotton Fabric | Breathable | Ultralight Vest | Pack of 10,₹881.00,4.1 out of 5 stars,"4,490"
2026-08-22,Vests,74,B01LX7WHUI,"Van Heusen Men Regular Fit Vest 100% Combed Cotton Pack of 1 - Anti Bacterial, Quick Dry, Label Free",₹369.00,4.0 out of 5 stars,643
2026-08-22,Vests,75,B00JZM2OUS,"Rupa Frontline Half Sleeves Round Neck Vest for Men, 100% Cotton Material, Regular Fit, Pack of 2",₹269.00,4.0 out of 5 stars,"2,957"
2026-08-22,Vests,76,B07RQTZ7RH,VIP Men Regular Fit Vest,₹549.00,4.2 out of 5 stars,"3,664"
2026-08-22,Vests,77,B01MSD95Q7,Rupa Jon Sleeveless Vest for Men | 100% Cotton | Round Neck | Regular Fit | Pack of 3,₹280.00,3.8 out of 5 stars,"5,588"
2026-08-22,Vests,78,B0DZP1CFL6,Amul Comfy Men's Cotton Vest | Round Neck Sleeveless | Seamless Body for Superior Comfort | Ultra-Soft Hand Feel | 100% Pure Cotton Innerwear | Color May Vary | Pack of 2,₹131.00,3.9 out of 5 stars,69
2026-08-22,Vests,79,B0F26PFRKN,FF Slim Fit Tummy Tucker Vest for Men Gynecomastia Compression Shirts Belly Slimmer for Men Shapewear Stretchable Undershirt Vest – Pack of 2 – Black & White,₹799.00,4.1 out of 5 stars,161
2026-08-22,Vests,80,B0D335118Q,Poomex® Premium Men's Cotton Vest (Pack of 5) White-Vest,₹695.00,4.9 out of 5 stars,16
2026-08-22,Briefs,1,B014213BHG,Jockey 8037 Men Super Combed Cotton Solid Brief with Ultrasoft Waistband_(Pack of 2),₹378.00,4.3 out of 5 stars,"14,887"
2026-08-22,Briefs,2,B0CJFQWSYZ,Jockey 8009 Men Super Combed Cotton Solid Long Trunk Boxer Brief(Pack of 3),₹810.00,4.2 out of 5 stars,"4,175"
2026-08-22,Briefs,3,B07X63HHPH,Levi's 010 Classic Boxer Briefs for Men | 100% Pure Cotton | Breathable | Branded Inner Elastic | Anti-Roll Waistband | Supportive Gusset | Functional Fly | No Ride-Up Long Length Fit | Pack of 2,₹440.00,4.1 out of 5 stars,"12,552"
2026-08-22,Briefs,4,B07X63BBKZ,Levi's 009 Neo Brief for Men | 100% Pure Cotton | Solid Men's Underwear | Breathable | Branded Outer Elastic Anti-Roll Waistband | Extra Supportive Gusset | Dual Layer 3D Pouch | Tagless | Pack of 2,₹325.00,3.9 out of 5 stars,"26,858"
2026-08-22,Briefs,5,B09MFLHSVJ,Jockey 8035 Men Super Combed Cotton Solid Brief with Ultrasoft Concealed Waistband_(Pack of 3),₹528.00,4.3 out of 5 stars,"15,586"
2026-08-22,Briefs,6,B071964C24,Jockey IC27 Men's Tactel Microfiber Elastane Stretch Solid Brief with Moisture Move Treatment,₹449.00,4.5 out of 5 stars,"8,443"
2026-08-22,Briefs,7,B0BSHGZX89,"Boldfit Gym Supporter for Men Sports Underwear for Workout in Gym Stretchable Cotton Supporter for Gym Workout Quick Dry, Moisture Wicking Supporter for Cricket, Gym, Running Black",₹332.10,4.0 out of 5 stars,"3,205"
2026-08-22,Briefs,8,B0H1MLXYXV,SWAGR 5 Pack Men's Super Combed Cotton Underwear Briefs | Classic TruComfort Fit | Powered by ZincShield Anti-Bacterial Tech | Aerflo Breathability | 4-Way FlexStretch | SOXCO Style SG03,₹497.17,4.2 out of 5 stars,151
2026-08-22,Briefs,9,B073WCC5YL,Van Heusen Men’s Cotton Boxer Briefs Pack of 2 | Long Trunk | No ride-up | Super Combed Cotton for softness | Open Front Fly | Moisture‑Wicking | Sweat Absorbant | All‑Day Fresh Technology | Long Lasting Colors |Soft Plush Waistband | Label‑Free Comfort | style 10032,₹578.00,4.1 out of 5 stars,"17,551"
2026-08-22,Briefs,10,B0BC93R4KC,Jockey US52 Men's Super Combed Cotton Printed Brief with Ultrasoft Waistband,₹499.00,4.2 out of 5 stars,"3,125"
2026-08-22,Briefs,11,B07X561SPF,Levi's 001 Classic Boxer Brief for Men | 100% Pure Cotton | Solid | Mid-Rise Men's Underwear | Anti-Roll Waistband | Durable Comfort with Extra Supportive Gusset | Functional Fly | Pack of 2,₹415.00,3.9 out of 5 stars,"5,084"
2026-08-22,Briefs,12,B073WC8X1B,Van Heusen Men’s Cotton Briefs | 100% Cotton | Anti-Bacterial | Sweat Absorbant | Moisture-Wicking | Breathable Combed Cotton for extra comfort | Soft Waistband | Soft Touch | Style 10003,₹609.00,4.1 out of 5 stars,"10,476"
2026-08-22,Briefs,13,B0CJFTNNCJ,Jockey 8008 Men Super Combed Cotton Solid Long Trunk Boxer Brief(Pack of 3),₹819.00,4.2 out of 5 stars,"2,082"
2026-08-22,Briefs,14,B073WB9B64,Van Heusen Men’s Cotton Briefs Pack of 3| Ribbed Cotton | Anti-Bacterial | Stay fresh | Sweat Absorbant | Moisture-Wicking | Long Lasting Colors |Breathable Combed Cotton for extra comfort | Soft Waistband | Soft Touch | Style 10004,₹867.00,4.2 out of 5 stars,"13,164"
2026-08-22,Briefs,15,B01420KN9G,Jockey Men Boxer Briefs,₹550.00,4.2 out of 5 stars,"13,362"
2026-08-22,Briefs,16,B01ENC4MVI,Jockey 8035 Men Super Combed Cotton Solid Brief with Ultrasoft Concealed Waistband_(Pack of 2),₹358.00,4.3 out of 5 stars,"5,244"
2026-08-22,Briefs,17,B00WFU4V1W,Jockey 8037 Men Super Combed Cotton Solid Brief with Ultrasoft Waistband,₹199.00,4.2 out of 5 stars,"30,362"
2026-08-22,Briefs,18,B0F5Q8VS5J,Jockey 8037 Men Super Combed Cotton Solid Brief with Ultrasoft Waistband_(Pack of 3),₹579.00,4.3 out of 5 stars,279
2026-08-22,Briefs,19,B0BDDQTG1D,Levi's 009 Neo Brief for Men | 100% Pure Cotton | Solid Men's Underwear | Breathable | Branded Outer Elastic Anti-Roll Waistband | Extra Supportive Gusset | Dual Layer 3D Pouch | Tagless | Pack of 5,₹749.00,4.0 out of 5 stars,330
2026-08-22,Briefs,20,B09JGHS1WR,U.S. Polo ASSN. Mens Elasticized Waist Pure Cotton I006 Briefs - Pack of 3,₹658.00,4.1 out of 5 stars,"1,078"
2026-08-22,Briefs,21,B01H5FXAJU,Jockey IC24 Men Tencel Micro Modal Cotton Elastane Stretch Solid Brief with Natural StayFresh Properties,₹399.00,4.3 out of 5 stars,"3,144"
2026-08-22,Briefs,22,B0G7JCBFNG,"DAMENSCH Activewear Supporter for Gym, Premium Microfiber Blend for Men Workout, Quick Dry, Moisture Wicking Supporter for Cricket, Gym, Running, Sports Underwear for Men",₹399.00,4.2 out of 5 stars,117
2026-08-22,Briefs,23,B0B2NWZD2H,Jockey NY15 Men Super Combed Cotton Elastane Stretch Solid Brief with Ultrasoft Waistband,₹299.00,4.3 out of 5 stars,"1,303"
2026-08-22,Briefs,24,B01ENCE8QW,Jockey US14 Men Super Combed Cotton Solid Brief with Ultrasoft Waistband_(Colors & Prints May Vary),₹219.00,4.2 out of 5 stars,"5,589"
2026-08-22,Briefs,25,B07X562123,Levi's 011 Comfort Brief for Men | 100% Pure Cotton | Breathable | Durable | Anti-Roll Waistband | Extra Supportive Gusset | Dual Layer 3D Pouch | Tagless & Zero Irritation Comfort | Pack of 3,₹393.00,3.9 out of 5 stars,"9,175"
2026-08-22,Briefs,26,B01E2BZEE4,VIP Frenchie Plus Men's Cotton Brief (Pack of 6),₹549.00,4.1 out of 5 stars,"9,154"
2026-08-22,Briefs,27,B09SL3JCB6,Dollar Bigboss Men Cotton Brief,₹358.00,4.2 out of 5 stars,473
2026-08-22,Briefs,28,B0CNP7Z5T2,Jockey FP22 Men Super Combed Cotton Elastane Stretch Printed Brief with Ultrasoft Waistband_(Prints May Vary),₹339.00,4.3 out of 5 stars,522
2026-08-22,Briefs,29,B0FWQC65YZ,Jockey FP02 Men Super Combed Cotton Rib Solid Brief with Ultrasoft Waistband,₹259.00,4.4 out of 5 stars,72
2026-08-22,Briefs,30,B09PL7CG4Q,"VIP Frenchie Plus Men’s Cotton Briefs (Pack of 3) – Ultra-Soft, Breathable Underwear with Stretch Waistband & All-Day Comfort Fit",₹329.00,4.2 out of 5 stars,"3,152"
2026-08-22,Briefs,51,B0B5F72TB2,XYXX Men's Traq Super Combed Cotton Regular Fit Solid Antibacterial Briefs with No Marks Waistband (Pack of 2),₹399.00,4.2 out of 5 stars,683
2026-08-22,Briefs,52,B08Z79SDLQ,"Dixcy Scott Originals Replay Briefs | 100% Combed Cotton Brief for Men | Men's Underwear | Modern Mid-Waist Fit ​| Durable, Sweat-Absorbing Cotton-Lined Waistband | Innerwear for Man | Pack of 5",₹443.00,4.1 out of 5 stars,"2,593"
2026-08-22,Briefs,53,B0D37X5YHV,U.S. Polo ASSN. Mens OET07 Dual Tone Cotton Stretch Underwear Briefs - Pack of 3,₹713.00,4.2 out of 5 stars,393
2026-08-22,Briefs,54,B07KPTS553,Jockey IC29 Men Tactel Microfiber Elastane Stretch Printed Brief,₹669.00,4.4 out of 5 stars,"1,438"
2026-08-22,Briefs,55,B0D37X2FZD,U.S. Polo ASSN. Mens OEB06 Flag Waist Single Jersey Underwear Briefs - Pack of 2,₹571.00,4.1 out of 5 stars,499
2026-08-22,Briefs,56,B0GFV4RY4J,Jockey 8035 Men Super Combed Cotton Solid Brief with Ultrasoft Concealed Waistband,₹205.00,4.2 out of 5 stars,943
2026-08-22,Briefs,57,B0CBCK6ZQW,Frenchie VIP Plus Colour 100% Combed Cotton Brief Combo Set for Mens with Soft Concealed Waistband,₹298.00,4.1 out of 5 stars,528
2026-08-22,Briefs,58,B078ZX6Z26,Jockey 1017 Men Super Combed Cotton Solid Long Trunk Boxer Brief,₹590.00,4.2 out of 5 stars,"4,652"
2026-08-22,Briefs,59,B08JQKD4TN,Jockey 1011 Men's Super Combed Cotton Solid Brief with Stay Fresh Properties,₹209.00,4.2 out of 5 stars,"2,150"
2026-08-22,Briefs,60,B077H3VWDG,U.S. Polo ASSN. Men's I006 Elasticized Waist Pure Cotton Underwear Briefs - Pack of 2,₹404.00,4.0 out of 5 stars,"1,977"
2026-08-22,Briefs,61,B073WC55S2,Van Heusen Men’s Cotton Boxer Briefs Pack of 3 | Long Trunk | No ride-up | Inner Elastic for superior comfort | Open front fly | Super Combed Cotton for softness | Moisture‑Wicking | Sweat Absorbant | All‑Day Fresh Technology | Long Lasting Colors |Soft Plush Waistband | Label‑Free Comfort | style 10031,₹851.00,4.1 out of 5 stars,"12,435"
2026-08-22,Briefs,62,B08QN7W5LY,DAMENSCH Modal Regular Fit Solid Brief Underwear Anti-Bacterial Moisture Wicking Breathable Microfibre Waistband Deo-Soft Briefs for Men,₹319.00,4.2 out of 5 stars,679
2026-08-22,Briefs,63,B0GYSPVDS6,XYXX Solid Tactel Trunk for Men,₹499.00,4.2 out of 5 stars,249
2026-08-22,Briefs,64,B0CGVJPS1G,MAML Men’s Ultra Thin Ice Silk Briefs Underwear for Men,₹573.00,3.8 out of 5 stars,499
2026-08-22,Briefs,65,B0CL6S8N33,"Boldfit Gym Supporter for Men Sports Underwear for Workout in Gyms Stretchable Cotton Supporters for Workout Quick Dry Moisture Wicking Supporter for Cricket, Gym, Tennis, Running and Other Sports",₹599.00,3.9 out of 5 stars,391
2026-08-22,Briefs,66,B0CW6LG3NQ,U.S. Polo ASSN. Mens OEB01 Abrasion Free Printed Underwear Briefs - Pack of 3,₹637.00,3.9 out of 5 stars,670
2026-08-22,Briefs,67,B08YWHGQCV,Dollar Bigboss Men Brief,₹329.00,4.1 out of 5 stars,686
2026-08-22,Briefs,68,B0D4QZRHCS,"Van Heusen Men's Brief Pack of 1 | Air Series | Lightest Underwear | Mesh Fabric | Breathable Active Brief | Moisture-Wicking & Sweat Absorbent | No Ride-Up Fit | Gym, Sports & Activewear Underwear | Style 40047",₹649.00,4.4 out of 5 stars,246
2026-08-22,Briefs,69,B09P77VXHJ,VIP Frenchie Plus Mens Cotton Brief (Pack of 6) Color May Vary,₹650.00,4.3 out of 5 stars,"1,105"
2026-08-22,Briefs,70,B08RJ9T2ML,DAMENSCH Deo-Cotton Solid Underwear for Men Combo Breathable Inner Cotton Briefs Pack No-Marks Waistband Moisture Wicking,₹729.00,4.4 out of 5 stars,"1,405"
2026-08-22,Briefs,71,B091KTVCQB,Van Heusen Men Boxer Briefs,₹247.00,4.2 out of 5 stars,215
2026-08-22,Briefs,72,B0721XWTL4,Lux Cozi Men Briefs,₹580.00,4.2 out of 5 stars,998
2026-08-22,Briefs,73,B07J6FXG9D,XYXX Men's Dualist Micromodal Regular Fit Colorblock Antimicrobial Briefs with No Marks Waistband (Pack of 2),₹550.00,4.1 out of 5 stars,"5,387"
2026-08-22,Briefs,74,B073WBT8MK,"Van Heusen Men 100% Cotton Brief - Pack of 3 - Anti Bacterial, Colour Fresh, Moisture Wicking",₹500.00,4.0 out of 5 stars,"4,823"
2026-08-22,Briefs,75,B014216GKU,Jockey US14 Men's Super Combed Cotton Solid Brief with Ultrasoft Waistband (Pack of 2),₹438.00,4.2 out of 5 stars,"4,491"
2026-08-22,Briefs,76,B0H2QGT3P2,Ethika Men's Extra Thin Elastic Underwear Long Comfortable Ice Silk Breathable Comfort Brief-Boxer-Trunks Imported Material Multicolour,₹489.00,4.8 out of 5 stars,"1,376"
2026-08-22,Briefs,77,B0F53Z6JSH,Jockey IC27 Men Tactel Microfiber Elastane Stretch Solid Brief with Moisture Move Properties_(Pack of 2),"₹1,049.00",4.4 out of 5 stars,146
2026-08-22,Briefs,78,B07XRS652V,XYXX Men's Dualist Micromodal Regular Fit Colorblock Antimicrobial Briefs with No Marks Waistband (Pack of 2),₹686.00,4.1 out of 5 stars,"1,286"
2026-08-22,Briefs,79,B07WZV144H,Levi's 010 Classic Boxer Briefs for Men | 100% Pure Cotton | Breathable | Branded Inner Elastic | Anti-Roll Waistband | Supportive Gusset | Functional Fly | No Ride-Up Long Length Fit | Pack of 1,₹233.00,4.0 out of 5 stars,"1,377"
2026-08-22,Briefs,80,B07KSKZBR2,Frenchie Men's Plain Brief (Pack of 3),₹299.00,4.2 out of 5 stars,437
2026-08-22,Shorts,1,B0DRFN3SBV,Lymio Men Shorts || Cotton Short for Men || with Pocket Style (Shorts-09-12),₹599.00,3.8 out of 5 stars,"1,583"
2026-08-22,Shorts,2,B00W05EFZ4,Jockey 9426 Men's Super Combed Cotton Rich Regular Fit Solid Shorts with Side Pockets,₹699.00,4.3 out of 5 stars,"9,695"
2026-08-22,Shorts,3,B093GRFD6C,0-DEGREE Men's Regular Fit Shorts with Zip Pocket,₹275.00,3.9 out of 5 stars,"5,808"
2026-08-22,Shorts,4,B0FRT3LCSY,RynoGear Men's Shorts || Cotton Casual Shorts for Man || Shorts Pant for Men,₹549.00,4.0 out of 5 stars,594
2026-08-22,Shorts,5,B0FD7VZHXC,SMOWKLY Authentics Classic Men's Corduroy Cargo Stretch Shorts |Half Pant with Drawstring & 4 Pockets | Lightweight & Quick Dry | Men Shorts Casual |Summer Shorts Pant for Men,₹495.00,3.7 out of 5 stars,"1,062"
2026-08-22,Shorts,6,B0GV4KJ1X3,RynoGear Cotton Shorts for Men || Shorts for Man Stylish || Men's Shorts | 100% Twill Cotton,₹598.00,4.2 out of 5 stars,66
2026-08-22,Shorts,7,B0F8BSPFWZ,Lymio Men Shorts || Cotton Short for Men || with Pocket Style (Packs Also Available) (Shorts-29-32),₹599.00,3.6 out of 5 stars,732
2026-08-22,Shorts,8,B0H1BRXB6B,Lymio Men Shorts | Men's Cargo Shorts | Regular Fit Casual Wear Short Pant for Men | Multi-Pocket Lightweight Cotton | Summer & Adventure Ready (SSM-S-05-08),₹429.00,3.0 out of 5 stars,55
2026-08-22,Shorts,9,B0GJL3DGDL,"Men's Cotton Casual Shorts |Striped Half Pants for Men |Comfortable | Elastic Waist with Drawstring | Lightweight & Comfortable for Beach Vacations, Casual Daily Outings & Sleepwear Bermuda Shorts",₹425.00,3.7 out of 5 stars,317
2026-08-22,Shorts,10,B0D9SCVPJ1,TAGDO® Men's Solid Cotton Shorts | Shorts Pant for Men | Shorts for Men (2003),₹579.00,3.9 out of 5 stars,"1,965"
2026-08-22,Shorts,11,B0F28S4YHK,Lux Cozi Men's Cotton Regular Fit Solid Shorts with Side Pockets & No Marks Waistband Gym Shorts for Men Workout Yoga Outdoor All Day Shorts for Men All Season Wear Cotton Pack of 1,₹398.00,4.0 out of 5 stars,438
2026-08-22,Shorts,12,B07XH2WNKY,Amazon Brand - Symbol Men's Cotton Regular Fit Chino Shorts |Slant Pockets,₹649.00,4.0 out of 5 stars,"7,815"
2026-08-22,Shorts,13,B01BWL1EDM,"VEGO Mens Cotton Three By Fourth, 3/4, Capri, Three Quarter Grey Plus Size",₹589.00,4.2 out of 5 stars,"7,360"
2026-08-22,Shorts,14,B07TLN6TB7,Amazon Brand - Symbol Men's Cotton Rich Stretchable Regular Fit Chino Shorts |Slant Pockets,₹449.00,4.0 out of 5 stars,"4,450"
2026-08-22,Shorts,15,B0BXXX772Z,THE Indian Garage CO Men Shorts,₹402.00,4.1 out of 5 stars,796
2026-08-22,Shorts,16,B08G57CQYT,0-DEGREE Shorts for Men,₹698.00,3.6 out of 5 stars,"7,398"
2026-08-22,Shorts,17,B0H4YY9GZ6,JV CLOTH Men's 100% Pure Cotton Cargo Shorts | Regular Fit Solid Knee Length Shorts with Multiple Utility Pockets | Casual Outdoor Summer Shorts for Men,₹529.00,4.7 out of 5 stars,21
2026-08-22,Shorts,18,B0DRFM1T5R,Lymio Men Shorts || Cotton Short for Men || with Pocket Style (Packs Also Available) (Shorts-17-20),₹579.00,3.2 out of 5 stars,"1,217"
2026-08-22,Shorts,19,B0D1QRKZZW,XYXX Men's Nova Cotton Regular Fit Solid Shorts with Side Pockets and No Marks Waistband,₹649.00,4.0 out of 5 stars,269
2026-08-22,Shorts,20,B0FRZ38DNF,"TAGDO Men's Cotton Cargo Shorts with Multi Pockets | Lightweight Casual Outdoor Shorts Pant for Men | Elastic Waist Drawstring Utility Shorts for Hiking, Camping and Daily Wear (2048)",₹599.00,3.8 out of 5 stars,400
2026-08-22,Shorts,21,B0CNZ9V2FP,"KART BLACK Plus Sizes Men's Cotton Knee Length Shorts(XXL,3XL,4XL,5XL,6XL,7XL,8XL Shorts) | Stripe Printed Shorts | Casual and Night Wear Mens Shorts",₹474.00,4.2 out of 5 stars,769
2026-08-22,Shorts,22,B0GSJWXGKH,RynoGear Linen Blend Shorts for Men || Shorts Pant for Men || Casual Shorts for Man,₹597.00,4.1 out of 5 stars,103
2026-08-22,Shorts,23,B0H3NVN8GW,DHRIVANSH Men's Cotton Cargo Shorts | Solid Khakhi | Regular Fit Casual Shorts with 5 Pockets | Comfortable Summer Wear,₹499.00,5.0 out of 5 stars,3
2026-08-22,Shorts,24,B08D9PJLN4,Mack Jonney Cotton Blended Regular Fit Three Fourth Capri for Men(Pack of 3),₹919.00,4.1 out of 5 stars,796
2026-08-22,Shorts,25,B0DZP46CSV,"SMOWKLY Men's Premium Corduroy Casual Ribbed Shorts | Loose Fit Burmuda | Elastic & Drawstring Waist with 2 Pocket | Lightweight Perfect for Workout, Beach & Summer |Shorts Pant for Men",₹497.00,3.9 out of 5 stars,727
2026-08-22,Shorts,26,B0FT8SV1P6,Lymio Men Casual Shorts || Men Cargo Shorts Cotton || Available in Combo Pack of 2 (Shorts-42-45),₹598.00,3.4 out of 5 stars,138
2026-08-22,Shorts,27,B0H4BPGVX2,"Boldfit Cargo Shorts for Man Gym, Running Shorts Half Pant for Man",₹549.00,4.6 out of 5 stars,27
2026-08-22,Shorts,28,B0F3HT647T,GRECIILOOKS Denim Shorts for Men Stylish | Casual Knee Length Washed Jorts | Regular Fit Jeans Half Pant for Men with Distressed Design | Bermuda Mens Shorts for Summer Travel Streetwear,₹729.00,4.2 out of 5 stars,286
2026-08-22,Shorts,29,B0CPJHCCBJ,"KART BLACK Plus Sizes Men's Cotton Knee Length Shorts(M,L,XL,XXL,3XL,4XL,5XL Shorts) | Casual and Night Wear Mens Shorts",₹948.00,4.3 out of 5 stars,"1,330"
2026-08-22,Shorts,30,B0892NJJMR,Mack Jonney Cotton Blended Regular Fit 3/4th Capri for Men,₹322.00,4.1 out of 5 stars,575
2026-08-22,Shorts,51,B0G4N561KV,Lymio Men Shorts || Three Quarter Pant for Men || 3/4 Casual Cotton Shorts (Short-46-49),₹699.00,3.8 out of 5 stars,63
2026-08-22,Shorts,52,B0GFNH17D7,SMOWKLY Men’s Cotton Casual Shorts |Knee Length Regular Fit Half Pant for Men| Elastic Waist with Drawstring | Regular Fit Shorts | Bermuda Shorts for Men | Lightweight Perfect for Workout & Beach,₹537.00,3.7 out of 5 stars,287
2026-08-22,Shorts,53,B0F8BZHT3V,"Leriya Fashion Men’s Cotton Cargo Shorts with Elastic Drawstring Waist | Multiple Utility Pockets & Zipper Side Pocket | Summer Shorts for Daily Outfits, Hiking, Trekking & Street Style",₹599.00,3.4 out of 5 stars,152
2026-08-22,Shorts,54,B0GKW2Q99F,Leriya Fashion Cotton Cargo Shorts for Men | Cargo Men Short's | Casual Comfort Black Bermuda Pant Shorts | Breathable Chino Half Pant Short's | Perfect for Beach & Summer Outfits,₹499.00,4.3 out of 5 stars,71
2026-08-22,Shorts,55,B08CKJ536S,Mack Jonney Cotton Blended Regular Fit 3/4th Capri for Men-C1_0001_P,₹345.00,4.1 out of 5 stars,812
2026-08-22,Shorts,56,B0D5D5L7PH,XYXX Men's Ace Cotton Regular Fit Solid Shorts with Side Pockets and No Marks Waistband,₹638.00,4.0 out of 5 stars,"1,076"
2026-08-22,Shorts,57,B0GH7GV96Q,Tagas Men's Shorts |Shorts for Mens| Casual (S'horts) for Men |Men shortscotton|,₹759.00,3.9 out of 5 stars,30
2026-08-22,Shorts,58,B086D17CDL,Bigbanana Plus Size Men's Regular Fit Shorts,₹659.00,4.0 out of 5 stars,243
2026-08-22,Shorts,59,B0CHRPD2YM,U.S. Polo ASSN. Men's IYBF Solid Logo Knit Lounge Shorts,₹705.00,4.1 out of 5 stars,634
2026-08-22,Shorts,60,B0F6FVYBM6,Q - RIOUS Mens Casual Sweat Cargo Cotton Shorts Drawstring Elastic Waist Athletic Workout Gym Jogger Shorts with 5 Pockets,₹370.00,4.1 out of 5 stars,270
2026-08-22,Shorts,61,B0B58J4NZQ,Men's Comfort Shorts || Regular Fit Shorts for Men with One Side Zipper Pocket...,₹449.00,3.9 out of 5 stars,"2,114"
2026-08-22,Shorts,62,B081B2C789,U.S. Polo Assn. Men Lounge Shorts,₹450.00,4.2 out of 5 stars,"5,860"
2026-08-22,Shorts,63,B09RQSHFS9,"Stylcozy Men's Regular Fit Cotton Three by Fourth, 3/4th, Man Capri, Capris, Three Quarter, Capri for Men, Printed, Sports Running, Three Quarte, Casual Lounge Short, Nightwear Sleep Shorts, Pack of 2",₹699.00,4.1 out of 5 stars,452
2026-08-22,Shorts,64,B0G258VLBJ,"Pepe Jeans Men's Solid Cotton Poly Blend Regular Fit Active Shorts | Lightweight Athleisure Shorts for Gym, Sports & Casual Wear | Soft Breathable Fabric | Elastic Waist with Drawcord | Side Pockets",₹587.00,4.0 out of 5 stars,"1,601"
2026-08-22,Shorts,65,B0FDL38FRC,XYXX Zen Solid Shorts for Men with Side Pockets and Drawstring |Relaxed Fit Shorts,₹799.00,4.0 out of 5 stars,93
2026-08-22,Shorts,66,B0FKYYM8WW,INKKR Men's Cargo Linen Shorts Beach Shorts Drawstring Elastic Multi Pocket Plain Comfort Breathable Knee Length Cotton Shorts,₹579.00,3.1 out of 5 stars,40
2026-08-22,Shorts,67,B0GL7NMFQX,Lymio Men Shorts || Cotton Short for Men || with Pocket Style || Packs Also Available (Shorts-64-67),₹499.00,3.7 out of 5 stars,28
2026-08-22,Shorts,68,B0BXXYCCQB,The Indian Garage Co Men Slim Fit Solid Mid-Rise Chino Shorts,₹532.00,3.9 out of 5 stars,686
2026-08-22,Shorts,69,B0BJF1159H,Jockey AM14 Men Super Combed Cotton Rich Straight Fit Shorts with Zipper Pockets,"₹1,119.00",4.3 out of 5 stars,"1,125"
2026-08-22,Shorts,70,B0FWLC9GL4,RUGAN Men's Cotton Capri Three Fourth Shorts Dual Zipper 3/4th Pants Pack2,₹459.00,4.1 out of 5 stars,153
2026-08-22,Shorts,71,B0GKVST6ZH,"GRECIILOOKS Linen Short For Men| Linen Shorts For Men Stylish |Men's Casual Summer Shorts - Lightweight Drawstring Lounge Short with Pockets, Breathable Relaxed Fit Athletic Sweat Short's",₹549.00,3.9 out of 5 stars,39
2026-08-22,Shorts,73,B085N2H45V,Mack Jonney Cotton Blended Regular Fit 3/4th Capri for Men,₹339.00,4.1 out of 5 stars,774
2026-08-22,Shorts,74,B0DDKCPTHJ,Jockey UM17 Men Super Combed Mercerised Cotton Woven Straight Fit Cargo Shorts,"₹1,399.00",4.1 out of 5 stars,79
2026-08-22,Shorts,75,B0C4LQGZ1Z,THE Indian Garage CO Men Shorts,₹495.00,4.2 out of 5 stars,347
2026-08-22,Shorts,76,B0C4LNY8LJ,THE Indian Garage CO Men Shorts,₹495.00,4.1 out of 5 stars,231
2026-08-22,Shorts,77,B0GQSHQ5LL,"Shasmi Men's Cotton Cargo Shorts for Men | Casual Comfort Bermuda Pant Shorts | Breathable Chino Half Pant for Summer Wear | Shorts Perfect for Workout, Beach Otufits (Short 272)",₹599.00,4.5 out of 5 stars,16
2026-08-22,Shorts,78,B0926VC5TJ,GUIDE Men's Regular Fit Printed Three Fourth Capri,₹295.00,4.0 out of 5 stars,"1,879"
2026-08-22,Shorts,79,B0D6KTHKYY,Bigbanana Plus Size Men's Regular Fit Solid Shorts,₹659.00,4.1 out of 5 stars,96
2026-08-22,Shorts,80,B09BJWCN7Q,"DaMENSCH Textured Shorts, Microfiber Running Shorts for Men, Quick Dry Gym Shorts Mens Workout, Hidden Pocket with Zipper Sports Shorts for Man","₹1,135.00",4.0 out of 5 stars,929
2026-08-22,Loungewear,1,B084F7TZ1R,See Designs Men's Cotton Pyjama Bottom,₹419.00,4.0 out of 5 stars,"3,093"
2026-08-22,Loungewear,2,B0DY42M345,Majestic Man Men's Regular Fit Mid Rise Casual Style Pure Cotton Pyjama Bottom,₹499.00,4.0 out of 5 stars,895
2026-08-22,Loungewear,3,B0GC6WS268,TAGDO® Men's Solid Co-Ord Set | Cuban Collar | Half Sleeve Shirt | Straight Fit Trouser | Casual Outfit | Regular Fit | Vacation & Resort Wear (2058),₹799.00,4.0 out of 5 stars,194
2026-08-22,Loungewear,4,B0DK5HWJ3H,Vogaan Men's T-Shirt and Shorts Set | Top & Shorts Night Suits Set | Night Wear for Men,₹498.00,3.9 out of 5 stars,325
2026-08-22,Loungewear,5,B0F88BXCBD,"GRECIILOOKS Co-ord Set for Men Solid POLY LYCRA BLEND T-Shirt & Shorts Nightwear Set | Summer Loungewear, Beachwear & Night Suit for Daily Comfort",₹599.00,3.9 out of 5 stars,213
2026-08-22,Loungewear,6,B0CC57SBCG,"Urban Scottish Men's Lounge Pants 100% Cotton Men's Lounge Night Pant Comfortable Leisure-Wear Lower with an Elastic Waist-Band and Regular Fit Track Pants, Machine Washable Stay at Home",₹430.00,4.0 out of 5 stars,902
2026-08-22,Loungewear,7,B0FFN2W8TY,Jawdrobe Men’s Waffle-Check Co-Ord Set | Self-Textured Collar Top | Drawstring Jogger Pants | Cotton-Blend Loungewear/Night-Suit | Casual Travel & Streetwear Two-Piece,₹797.00,3.8 out of 5 stars,666
2026-08-22,Loungewear,8,B07D4HMLR4,XYXX Men's Checkmate 100% Super Combed Cotton Regular Fit Pyjamas,₹729.00,3.9 out of 5 stars,"5,577"
2026-08-22,Loungewear,9,B0CBJZQJM9,SMOWKLY Men Night Suits Set | Men's T-Shirt and Shorts Set | Co ord Set for man | Casual Nightwear & Loungewear | Pajama Set for man | Co-ord Set for Men,₹497.00,3.9 out of 5 stars,963
2026-08-22,Loungewear,10,B08XWPPY5W,U.S. POLO ASSN. Men I690 Comfort Fit Solid Cotton Casual Style Lounge Pants,₹979.02,3.8 out of 5 stars,"1,091"
2026-08-22,Loungewear,11,B0BRSGTHNW,Aatman One Size Men's Eco-Friendly Cotton Pyjama Pack of 2 | Fits Waist Size 28 to 36 Inches,₹948.00,3.9 out of 5 stars,"2,382"
2026-08-22,Loungewear,12,B09GW3GCKL,Aatman One Size Men's Eco-Friendly Cotton Pyjama | Fits Waist Size 28 to 36 Inches,₹549.00,3.8 out of 5 stars,"2,660"
2026-08-22,Loungewear,13,B0BZZ8JYZG,"DaMENSCH Cotton Lounge Elasticated Waistband, Bermuda Pants, Relaxed Fit, Home Shorts for Men",₹759.00,3.9 out of 5 stars,"1,084"
2026-08-22,Loungewear,14,B0F99F9F47,Amazon Brand - Symbol Men's Relaxed Full Elasticated Cotton Pants,₹448.00,4.1 out of 5 stars,178
2026-08-22,Loungewear,15,B0D2TWCBGP,Beyoung Cotton Loose Fit Pyjama For Men | Pure Cotton | Elasticated Waistband | Casual Style | Nightwear For Men | Lounge Pants,₹899.00,4.0 out of 5 stars,500
2026-08-22,Loungewear,16,B0H2VJ69WJ,XYXX Combed Cotton Solid Drawsting Pyjama for Men,"₹1,249.00",4.5 out of 5 stars,18
2026-08-22,Loungewear,17,B0GJ63TK6G,Amazon Brand - Symbol mens 100% Cotton Pyjama/Lounge Pants |Regular Fit | Printed | Available in Plus Sizes,₹499.00,4.1 out of 5 stars,49
2026-08-22,Loungewear,18,B07F8NQDQ1,"XYXX Mens Cotton Regular Fit Checkered Pyjama | Dual Pockets, Comfortable Lounge Pants for Men","₹1,392.00",4.0 out of 5 stars,"3,335"
2026-08-22,Loungewear,19,B0GRCXY8VV,"Men's Pyjama Bottoms with Side Stripe, Black and Grey, Cotton Blend, Elastic Waistband with Drawstring, Relaxed Fit, 2 Pack",₹479.00,4.5 out of 5 stars,13
2026-08-22,Loungewear,20,B0F895HRGG,Majestic Man Men Mid Rise Comfort Fit Solid Pure Cotton Casual Style Lounge Pants,₹549.00,3.7 out of 5 stars,180
2026-08-22,Loungewear,21,B0GDG3CL4N,DIGITAL SHOPEE mens Men's Pyjama,₹394.00,3.6 out of 5 stars,144
2026-08-22,Loungewear,22,B0CHRN89DY,U.S. Polo ASSN. Men's IYBF Solid Logo Knit Lounge Shorts,₹705.00,4.1 out of 5 stars,634
2026-08-22,Loungewear,23,B0DT9D5DRD,"DAMENSCH Relaxed Fit Premium Cotton Casual Style, Dual Pockets, Ultra light, Breathable, Anti-Bacterial, Stretchable, Soft Comfortable, Lounge Pyjamas For Men",₹899.00,4.1 out of 5 stars,123
2026-08-22,Loungewear,24,B0DWN6JQW5,SleepZ by Raymond Men Regular Fit Solid Pattern Pure Cotton Sleepwear Pyjama,₹629.00,3.9 out of 5 stars,159
2026-08-22,Loungewear,25,B0C1SPMK64,DHRUVI TRENDZ Co Ord Set for Men | Trendy Night Dress for Boys | T-Shirt and Shorts Combo for Lounge | Stylish Summer and Travel Wear | Men's Matching Two-Piece for Vacation,₹529.00,3.6 out of 5 stars,532
2026-08-22,Loungewear,26,B0CDH9NKW3,XYXX Men's Checkmate Super Combed Cotton Regular Fit Pyjamas (Pack of 2),"₹1,399.00",4.0 out of 5 stars,528
2026-08-22,Loungewear,27,B0D986PHVC,"U.S. Polo ASSN. Mens OELP6 Mid Rise Solid Lounge Track Pants, Comfort Fit",₹989.00,3.8 out of 5 stars,402
2026-08-22,Loungewear,28,B08LVK1RS3,DIGITAL SHOPEE Men's Cotton Checkered Casual Style Pajama Lower Pant Pack Of 3,₹538.00,3.4 out of 5 stars,912
2026-08-22,Loungewear,29,B0F88CQNXY,"GRECIILOOKS Men’S Summer Casual Two Piece Outfit, Textured Button Down Shirt and Shorts Set, Lightweight Poly Blend Co-Ord for Beach, Travel & Lounge Wear",₹649.00,4.6 out of 5 stars,19
2026-08-22,Loungewear,30,B09YLQQ46N,DAMENSCH Regular Fit Cotton Blend Woven Casual Style Pyjama Dual Pockets Breathable Microfibre Waistband Anti-Bacterial Stretchable Soft Comfortable Pyjama For Men,₹916.00,4.0 out of 5 stars,"1,366"
2026-08-22,Loungewear,51,B0FMFLV4PS,"KART BLACK Plus Sizes Men's Cotton Knee Length Shorts(XXL,3XL,4XL,5XL,6XL,7XL,8XL Shorts) | Stripe Printed Shorts | Casual and Night Wear Mens Shorts",₹474.00,4.2 out of 5 stars,769
2026-08-22,Loungewear,52,B09XQYXXPH,Aatman One Size Men's Eco-Friendly Cotton Pyjama | Fits Waist Size 28 to 36 Inches,₹549.00,3.8 out of 5 stars,605
2026-08-22,Loungewear,54,B079W13J3Q,Amazon Brand - Symbol Men's Cotton Rich Strechable Knit Shorts - Regular Fit,₹399.00,4.1 out of 5 stars,"1,286"
2026-08-22,Loungewear,55,B086T9H4N4,Jockey IM03 Men Tencel Micro Modal Cotton Elastane Stretch Regular Fit Pyjama with Side Pockets_(Colors & Prints May Vary),"₹1,299.00",4.2 out of 5 stars,836
2026-08-22,Loungewear,56,B0CJCMCYG2,"RamRaj Trends Premium Lucknowi White Cotton Pyjama for Men: Elastic Waist, Zip & Pockets | A1 Quality Pajama",₹489.00,3.7 out of 5 stars,226
2026-08-22,Loungewear,57,B0F3HWRK7G,"GRECIILOOKS Men's Co Ord Set |Printed Shirt and Shorts Set for Men |Summer Loungewear, Beachwear & Night Suit for Daily Comfort | Nightwear Set for Mens",₹649.00,3.7 out of 5 stars,221
2026-08-22,Loungewear,58,B0H7HGJVNH,Amul Comfy Men's Cotton Rich Printed Bermuda- Assorted,₹249.00,5.0 out of 5 stars,2
2026-08-22,Loungewear,59,B0BVVDT7QZ,London Hills Cotton Blend Casual Round Neck Co-ord Set for Men's Printed Casual Sleepwear & Loungewear Set & Night Suits Set for Men’s,₹549.00,4.0 out of 5 stars,108
2026-08-22,Loungewear,60,B0FCSBHQ97,U.S. POLO ASSN. Mens OELP8 Relaxed Fit Cotton Linen Lounge Pants,"₹1,359.00",4.2 out of 5 stars,75
2026-08-22,Loungewear,61,B09B7LSVX2,Mack Jonney Cotton Blend Casual Style Pyjamas for Men(Pack of 2)-D10_0002-P,₹629.00,3.9 out of 5 stars,"1,109"
2026-08-22,Loungewear,62,B0BZW7MQ9Q,DAMENSCH Men Pyjama,₹959.00,4.0 out of 5 stars,519
2026-08-22,Loungewear,63,B0D9HDFG9W,HOODMASTER Men's Cotton Night Suit Set of Top & Knee Length Shorts with Round Neck Half Sleeves Solid Pattern Regular Fit and Standard Length | Mens Cotton Night Suit | T-Shirt and Shorts Sets,₹795.00,4.1 out of 5 stars,70
2026-08-22,Loungewear,64,B0DB93ND9Z,BULLMER Trendy Clothing Set with Oversized T-Shirt & Pants Co-ords for Men,₹619.00,3.6 out of 5 stars,196
2026-08-22,Loungewear,65,B0C9T471R8,DHRUVI TRENDZ Rayon Co-Ord Set for Men | Men's Cord Set | Night Suit for Men | T-Shirt and Shorts Set for Men | Night Dress for Men | Pyjama Set for Men,₹529.00,3.8 out of 5 stars,243
2026-08-22,Loungewear,66,B0C65YZ1C9,LERIYA FASHION Co Ord Set for Men | Trendy Night Dress for Boys | T-Shirt and Shorts Combo for Lounge | Stylish Summer and Travel Wear | Men's Matching Two-Piece for Vacation,₹529.00,3.9 out of 5 stars,97
2026-08-22,Loungewear,67,B0H1VSLM27,Symbol Premium Men's 100% Cotton Super Soft Solid Pyjamas | Elasticated Waistband | Dual Side Pockets | Available in Plus Sizes,₹699.00,3.8 out of 5 stars,9
2026-08-22,Loungewear,68,B0GS5QVNV2,"Labnin India Men s Linen Blend Cord Set Loungewear Solid| Lightweight Breathable Summer Co-ord Set | Relaxed Fit Shirt & Elastic Waist Pants | Comfortable Travel, Beach & Casual Lounge Wear| S-2XL |","₹1,470.00",3.2 out of 5 stars,14
2026-08-22,Loungewear,69,B0CW978NLC,U.S. Polo ASSN. Mens OES01 Cotton Stretch Lounge Shorts,₹800.00,3.9 out of 5 stars,197
2026-08-22,Loungewear,70,B0GY4W4BM5,XYXX Ultra-Breathable Solid Cotton Chambray Pyjamas For Men,"₹1,099.00",4.3 out of 5 stars,27
2026-08-22,Loungewear,71,B0C6DRHDM7,OM SAI Latest Creation Co Ord Set for Men | Night Suit | T-Shirt and Shorts Set for Man | Night Dress | Pyjama Set | Summer Wear | Lounge wear | Beach Outfit,₹529.00,3.6 out of 5 stars,213
2026-08-22,Loungewear,72,B0DT1B33GW,"WEET Cotton Round Neck Pyjama Set for Men's Half Sleeve T-Shirt and Pyjama Pants, Printed Casual Sleepwear & Loungewear Nightdress Night Suits Set 121","₹1,424.00",4.2 out of 5 stars,51
2026-08-22,Loungewear,73,B0F53N2CLQ,Vogaan Men's T-Shirt and Shorts Set | Top & Shorts Night Suits Set | Night Wear for Men | Holiday Outfits for Men's,₹568.00,4.7 out of 5 stars,16
2026-08-22,Loungewear,74,B0D1CJPHKS,BULLMER Clothing Set with Trendy Shirt & Pants Co-ords for Men,₹799.00,3.4 out of 5 stars,159
2026-08-22,Loungewear,75,B0CJMHQZY7,RamRaj Trends White Cotton Pyjama for Men - 100% Pure Lucknowi Naada Pajama,₹298.00,3.4 out of 5 stars,101
2026-08-22,Loungewear,76,B0DH2V3WBW,"WEET Cotton T-Shirt and Shorts Set for Men,Night Wear for Men,Men's Pyjama Set",₹949.00,4.1 out of 5 stars,58
2026-08-22,Loungewear,78,B0GD69VX4J,"Majestic Man Comfort Fit Solid Cotton Casual Lounge Pyjama with Elastic Waist, Drawstring & Zip Closure",₹499.00,3.9 out of 5 stars,42
2026-08-22,Loungewear,79,B07TG8MRQR,"XYXX Men's Super Combed Cotton Checkered Checkmate Pyjamas | Elasticated Waist, Drawstring | Loungewear for Men","₹1,899.00",4.0 out of 5 stars,605
2026-08-22,Loungewear,80,B0GX6646XC,Lux Cozi Men's Cotton Regular Fit Solid Shorts with Side Pockets & No Marks Waistband Gym Shorts for Men Workout Yoga Outdoor All Day Shorts for Men All Season Wear Cotton Pack of 1,₹585.00,4.0 out of 5 stars,438
2026-08-22,Swimwear,1,B09ZY9K3GW,JUSTWIN Swimwear Half Sleeve T-Shirt and Shorts for Men & Women,₹498.00,3.9 out of 5 stars,"1,526"
2026-08-22,Swimwear,2,B09TWBYPLF,JUST RIDER Unisex Swimming Shorts Trunk,₹269.00,4.0 out of 5 stars,"2,598"
2026-08-22,Swimwear,3,B0GX5SPNT4,"JUST RIDER Swimwear Half Sleeve T-Shirt and Shorts for Men & Women Men's Swimming T-Shirt and Swimming Shorts Set, Polyester, Quick-Dry, Chlorine-Resistant, Flatlock Seams",₹489.00,4.0 out of 5 stars,46
2026-08-22,Swimwear,4,B0F26JKG2J,Boldfit Swimming Costume for Man Stretchable Swimming Shorts for Men Adult Quick Dry Swim Shorts for Men Breathable Swim Trunks for Boys Lightweight,₹599.00,4.1 out of 5 stars,199
2026-08-22,Swimwear,5,B0C93L5CT3,Boldfit Swim Jammers for Man Swimming Short,₹413.00,4.2 out of 5 stars,"1,098"
2026-08-22,Swimwear,6,B0F3XV8Z3P,"Boldfit Swimming Shorts for Men's Quick-Dry Poly-Spandex Swim Shorts – Lightweight, Breathable, Stretch-Fit with Drawstring Waist for Active & Casual Use-Black",₹349.00,4.2 out of 5 stars,271
2026-08-22,Swimwear,7,B09SPZVM98,JUST RIDER Swimwear Swimming Shorts Trunk for Men & Women,₹219.00,4.0 out of 5 stars,"2,072"
2026-08-22,Swimwear,8,B0DV9H6LJ4,Speedo Men's Endurance 10 Short Sleeve Suntop,"₹1,798.00",4.3 out of 5 stars,87
2026-08-22,Swimwear,9,B0D37RGYP7,"SLOVIC Swimming Shorts for Men | Swimming Costume for Men | Swim Trunk, Boys Swim Suit for Boys Easy Adjustable, Breathable, Quick Drying Shorts, Running",₹549.00,4.3 out of 5 stars,279
2026-08-22,Swimwear,10,B0F9PG884M,XYXX Intellidri Aqua Swim Shorts for Men with Side Pockets and Drawstring,₹949.00,3.8 out of 5 stars,111
2026-08-22,Swimwear,11,B0GX5MBVRC,"PROBEROS® Swim Trunks for Men, Quick-Dry Polyester Beach Shorts with Inner Lining, Elastic Drawstring Waist, Tropical Palm Leaf Fashion Lightweight Beach Wear for Swimming, Vacation & Traval, 3XL",₹798.00,4.0 out of 5 stars,36
2026-08-22,Swimwear,12,B0FMS4LBDH,JUST RIDER Swimming Shorts for Men Black Swimming Costume for Men Swimming Trunk (Pack of 2),₹369.00,3.9 out of 5 stars,44
2026-08-22,Swimwear,13,B0DV9H76GV,Speedo Men's 4 Way Flex Essential Printed Watershorts with Side Pockets | Water Repellent | Internal Drawcord | Wide Waistband Swimming Trunks,"₹1,999.00",4.3 out of 5 stars,52
2026-08-22,Swimwear,14,B0GNZZNCRL,JUST RIDER Men’s Swim Shorts with Zipper Pocket | Quick Dry Swimming Trunks | Lightweight Beach & Pool Swimwear | Elastic Waist Sports Shorts for Swimming,₹299.00,3.8 out of 5 stars,28
2026-08-22,Swimwear,15,B0CX99XMVX,"NEVER LOSE Mens 5"" Swim Trunks with Zipper Pockets Quick Dry Beach Board Shorts for Men Swimsuit Swimwear with Mesh Lining",₹399.00,4.1 out of 5 stars,395
2026-08-22,Swimwear,16,B0GLHBXVG6,"FABSPORTS Men's Quick Dry Swim Shorts/Trunks with Inner Lining | Lightweight 2-in-1 Athletic Shorts for Swimming, Gym & Outdoors | 95% Polyester 5% Spandex, Floral & Geometric Prints",₹699.00,3.6 out of 5 stars,6
2026-08-22,Swimwear,17,B07ST28PHH,"SportsFitt Swimming Combo Kit Regular Fit (28in to 34in) Short, Goggles, Silicone Cap, 2Pc Ear Plugs, 1 Pc Nose Clip, Suit",₹499.00,3.8 out of 5 stars,739
2026-08-22,Swimwear,18,B0GPKR785W,FITFORTH Swimming Costume for Man | Co Ords for Men | Swim Suit for Men – Lightweight Quick Dry Beach & Gym Set Built to Water & Training,₹947.00,3.6 out of 5 stars,16
2026-08-22,Swimwear,21,B0857TFCHQ,Speedo Men's Xpress Lite Essential Medley Logo Printed Watershorts,"₹1,899.00",4.2 out of 5 stars,195
2026-08-22,Swimwear,22,B0GPQHMQ21,"LIMEE Men’s Swimming Shorts | Quick Dry Stretch Swim Trunks with Drawstring | Lightweight Breathable Beach Wear, Pool, Gym & Running Shorts",₹449.00,3.7 out of 5 stars,15
2026-08-22,Swimwear,23,B09ZV2MX2G,Tempest Boy Men's Swimming Kit with 1 Swimming Shorts | Costume | Trunk Swimming 1 Anti Fog Swimming Goggles 1 Silicone Swimming Cap 1 Nose Clip 2 Ear Plugs,₹499.00,4.0 out of 5 stars,152
2026-08-22,Swimwear,24,B0G52MQYF6,The Souled Store Swim Shorts: Mosaic Men and Boys Drawstring Waist Blue Ombre Gradient Print Polyester Regular Fit Quick-Drying Zippered Lightweight Everyday All-Season Swim Shorts,"₹1,299.00",5.0 out of 5 stars,1
2026-08-22,Swimwear,25,B01JM5QUX4,ROVARS Men's Swimwear,₹403.00,4.1 out of 5 stars,634
2026-08-22,Swimwear,26,B0FQ2YV123,The Souled Store Swin Shorts: Men and Boys Drawstring Waist Polyester Regular Fit Quick-Dry Lightweight Swim Shorts,₹999.00,3.6 out of 5 stars,12
2026-08-22,Swimwear,27,B0GX6TN5VN,"FITFORTH Swimming Trunks for Men | Swim Shorts for Men | Swimming Shorts – Swimwear Stretchable Fit, Adjustable Waist, Quick-Drying, Comfortable All-Day Wear",₹497.00,5.0 out of 5 stars,4
2026-08-22,Swimwear,28,B0CBPKZ979,SHIFTER Men Long Jammers Swimming Shorts Trunks Costume| Premium Lycra Nylon Blend Fabric for Great Comfort | Stretchable Fabric | Ideal Swimwear for Boys,₹451.25,4.0 out of 5 stars,198
2026-08-22,Swimwear,29,B00WIADNQI,Speedo Men's Endurance 10 Medley Logo Aquashort,₹899.00,4.0 out of 5 stars,210
2026-08-22,Swimwear,51,B0C4YYSKK1,"NEVER QUIT Long Sleeve Rash Guard, UV/SPF Quick Dry Swim Shirt, Water Surf Swimming Shirts (X-Large, Black)",₹351.00,4.5 out of 5 stars,9
2026-08-22,Swimwear,52,B0FQWPD5HX,"Aesthetic Armour Men's Physique Russet Board Shorts, Olympia Fit Shorts, Polyester Elastane Construction, Hook Loop Fly","₹1,899.00",5.0 out of 5 stars,2
2026-08-22,Swimwear,53,B0FFN4N1N3,United Colors of Benetton Men T-Shirt,₹546.01,5.0 out of 5 stars,3
2026-08-22,Swimwear,55,B0D3VJ4RHL,Swimming Costume Shorts Printed Boys & Man Trunk Swimsuit Pack of 1 Multi Color,₹449.00,3.4 out of 5 stars,3
2026-08-22,Swimwear,56,B0GHSYPHJ2,"Long Swimming Trunk for Men and Boys | Swimming Shorts (Black Trunk with Assorted Print, Plz Refer Size Chart)",₹499.00,4.0 out of 5 stars,14
2026-08-22,Swimwear,57,B0CW92122S,U.S. Polo ASSN. Mens OES01 Cotton Stretch Lounge Shorts,₹738.00,3.9 out of 5 stars,197
2026-08-22,Swimwear,58,B0FQKG9W8Y,"Aesthetic Armour Men's Physique Onyx Board Shorts, Olympia Fit Shorts, Polyester Elastane Construction, Hook Loop Fly","₹1,999.00",5.0 out of 5 stars,5
2026-08-22,Swimwear,59,B0F6K9RFPP,"Aqua Holic Spandex Men's Swimming Pants Solid Regular Fit | Stylish & Comfortable, Attractive Design, Multi-Purpose, Long-Lasting | Ideal for Casual Outings - Black",₹499.00,4.0 out of 5 stars,5
2026-08-22,Swimwear,60,B0GJXG8CDG,Venzina® Sunscreen Jacket for Men Fishing Sun Protection Jacket UPF 50+ Cooling Quick Dry All Over Print Tie Dye Eco Fabric Camping Urban Outdoor,₹999.00,4.0 out of 5 stars,5
2026-08-22,Swimwear,61,B0D41LLXPL,Swimming Beach Shorts 2 in 1 Quick Dry Swim Trunks Costume-Stylish Holiday Wear with Tighty Attached Big Zipper Pockets Swim Suit,₹559.00,4.2 out of 5 stars,79
2026-08-22,Swimwear,62,B0F1W9FW63,"THE MORNING PLAY Morex Men's Swimming Shorts Trunk with Goggles and Cap Set, Swimwear Swimming Costume for Mens",₹499.00,3.9 out of 5 stars,11
2026-08-22,Swimwear,63,B0GTWP9R5J,"Aesthetic Armour Rift Board Shorts for Men, Purple Graphic Print, 4-Way Stretch, Drop-Cut Design, Competition Physique","₹1,399.00",5.0 out of 5 stars,4
2026-08-22,Swimwear,64,B0CTW16G7G,Aqua Holic Swimwear | Swimsuit | Swimming Costume | T-Shirt & Shorts for Men,₹499.00,3.4 out of 5 stars,69
2026-08-22,Swimwear,65,B0BWYML2TQ,Swimming Costume for Men | Comfortable Trunks Swimwear Shorts | Skin Friendly | Washable | Four Way Stretch | Premium Fabric Briefs,₹399.00,3.7 out of 5 stars,70
2026-08-22,Swimwear,66,B0DZHJ2GF3,Jack & Jones Men Cargo Shorts,"₹1,799.00",4.0 out of 5 stars,1
2026-08-22,Swimwear,67,B0F48MLJNH,"PANTEAZY Men's Contrast Swim Boxer – Bold, Sleek & Comfortable",₹999.00,3.4 out of 5 stars,6
2026-08-22,Swimwear,68,B0857TZRX9,Speedo Men's Endurance+ Essential Splice Aquashort,₹999.00,4.0 out of 5 stars,42
2026-08-22,Swimwear,69,B0DV9JLS2J,Speedo Men's Endurance10 Graphic Print Essential Aquashort Swimming Trunks | Chlorine Resistance | Shape Retention Fabric | UPF 40+ Sun Protection | Drawstring Waist,₹766.84,4.2 out of 5 stars,4
2026-08-22,Swimwear,72,B0F2N7FRTT,XENOVAURBAN Men's Graphic Printed RN-HKM Round Neck Regular and Plus Size Cotton T-Shirt,₹569.00,4.7 out of 5 stars,5
2026-08-22,Swimwear,73,B0B7B65ZF9,Oysters Nylon Compression Men's Swim Shorts,₹521.00,4.0 out of 5 stars,55
2026-08-22,Swimwear,74,B07PG4MQVW,TONLEN Mens Swimwear Short Swim Trunks with Zipper Pocket,"₹2,838.00",4.2 out of 5 stars,"4,541"
2026-08-22,Swimwear,75,B01CSNY2GO,"Arena Square Cut Drag Suit Swim Training Aid, Black","₹3,600.00",3.8 out of 5 stars,878
2026-08-22,Swimwear,76,B0GWY4DDKP,Swimwear Swimming Shorts Trunk for Men & Women Black,₹299.00,5.0 out of 5 stars,3
2026-08-22,Swimwear,77,B07Y88DX2M,LAFROI Men's Long Sleeve UPF 50+ Baselayer Skins Performance Fit Compression Rash Guard-CLYYB,"₹5,171.00",4.6 out of 5 stars,"12,916"
2026-08-22,Swimwear,79,B0F6K94RP4,"Aqua Holic Spandex Men's Swimming Legging Solid Regular Fit | Stylish & Comfortable, Attractive Design, Multi-Purpose, Long-Lasting | Ideal for Casual Outings - Black",₹499.00,4.0 out of 5 stars,5
2026-08-22,Swimwear,80,B09TFKMQY4,Men Swimming Shorts Trunks Combo KIT with Swimming Cap Goggles EARPLUGS and Nose Men Swimwear for Boys,₹445.00,3.6 out of 5 stars,203
2026-08-22,Tees & Polos,1,B06Y2FG6R7,"Allen Solly Men’s Polo T‑Shirt | Comfortable Rich Cotton Blend, Band Collar, Regular Fit | Stylish & Premium All Day Wear",₹699.00,4.1 out of 5 stars,"82,374"
2026-08-22,Tees & Polos,2,B07MZG27XK,Amazon Brand - Symbol Men's Cotton Rich Solid Polo Tshirt | Collar Tshirts | Half Sleeves | Plain-Regular Fit (Available in Plus Sizes and Combo Pack of 2),₹399.00,3.9 out of 5 stars,"39,791"
2026-08-22,Tees & Polos,3,B076CMJXML,Van Heusen Men's Cotton Solid Regular Fit Collar Polo T-Shirt,₹699.00,4.0 out of 5 stars,"45,132"
2026-08-22,Tees & Polos,4,B0D4VQ5NDD,Louis Philippe Men's Slim Fit Single-Tuck Pique Stylized Sleeve Print and Contrast Tipping Half Sleeve Solid Cotton Polo Tshirt,₹764.00,4.0 out of 5 stars,"1,618"
2026-08-22,Tees & Polos,5,B0F4NGRKY4,DEELMO Men's Casual Button Down Shirts Long Sleeve Linen Shirt Fashion Textured Beach Summer Shirt,₹495.00,4.0 out of 5 stars,"1,255"
2026-08-22,Tees & Polos,6,B09XMV6125,Peter England Men's Regular Fit Insignia Half Sleeve Polo T-Shirt | Cotton Rich | Premium Pique Weave,₹626.00,4.0 out of 5 stars,"4,190"
2026-08-22,Tees & Polos,7,B0C1RY2VXR,Peter England Men's Snug Fit Solid Polo T-Shirt with Coloured Collar Tipping| Cotton Rich| Premium Pique Weave,₹602.10,4.1 out of 5 stars,"3,135"
2026-08-22,Tees & Polos,8,B0CVXR2T43,Lux Cozi Men's Half Sleeve Soild Casual Regular Fit T-Shirt with Chest Pocket | Polo Tshirt for Men,₹395.00,3.9 out of 5 stars,"3,834"
2026-08-22,Tees & Polos,9,B0CBX4LNT9,U TURN Men's Casual Printed Striped Stylish Latest Formal Plus Size Shirt for Men | Cotton Mix 220 GSM,₹398.00,3.5 out of 5 stars,"2,379"
2026-08-22,Tees & Polos,10,B0B56ZTLSK,Jockey 2714 Men Super Combed Cotton Rich Round Neck Half Sleeve T-Shirt,₹569.00,4.2 out of 5 stars,"21,421"
2026-08-22,Tees & Polos,11,B081QJW5GG,Amazon Brand - Symbol Men's Solid Cotton Formal Shirt | Plain | Full Sleeve - Regular Fit (Available in Plus Sizes),₹549.00,3.9 out of 5 stars,"11,171"
2026-08-22,Tees & Polos,12,B0FXRWKV4C,DEELMO Men’s Stylish Cotton Blend Casual Shirt || Full Sleeve Button-Down Shirt with Dual Flap Pockets || Comfortable Breathable Fabric || Perfect for Casual Office and Outing Wear,₹495.00,3.6 out of 5 stars,"1,525"
2026-08-22,Tees & Polos,13,B07XK9H5KF,"Levi's 025 Men's Premium Soft Cotton Solid T-Shirt - Round Neck, Short Sleeves with Side Branding (Pack of 1) Regular Fit",₹396.00,4.1 out of 5 stars,"5,790"
2026-08-22,Tees & Polos,14,B0DJYKXSQR,BULLMER Trendy Printed Cotton Blend Crew Neck/Round Neck Half Sleeve Tshirt for Men - Pack of 3,₹473.00,3.5 out of 5 stars,"2,662"
2026-08-22,Tees & Polos,15,B0CK2B9ZZD,Van Heusen Men’s Crew Neck T-Shirt – Soft & Breathable Cotton | Regular Fit | Comfortable Everyday Casual Wear | Short Sleeves | Summer Favorite |Solid Colors | Style 60052|Available in Pack of 1 & 2,₹497.00,4.0 out of 5 stars,"1,567"
2026-08-22,Tees & Polos,16,B0BHW7BHJM,Peter England Men's Everyday Solid Slim Fit Full Sleeve Formal Shirt | Cotton-Rich,₹825.00,3.9 out of 5 stars,"2,145"
2026-08-22,Tees & Polos,17,B0HBQVNZYW,"DEEMOON Men's Premium Cotton Blend Printed Checkered Shirt | Full Sleeve Plaid Casual Button-Down Shirt | Soft & Comfortable Regular Fit | Office, Travel & Everyday Wear",₹499.00,4.2 out of 5 stars,12
2026-08-22,Tees & Polos,18,B0FMFH11PQ,"MADHAVISTA Combo of Men’s Casual Cotton Blend Shirt || Long Sleeve Button Down with Spread Collar | Lightweight Breathable Fabric | Stylish Solid Shirt for Beach, Office & Everyday Wear Pack of 2",₹495.00,3.7 out of 5 stars,467
2026-08-22,Tees & Polos,19,B0D4VPH1YB,Louis Philippe Men's Slim Fit Premium High-End Pique in Superior Cotton Cut & Sew Design Color Block Shoulder Half Sleeve Polo Tshirt,"₹1,119.00",4.1 out of 5 stars,968
2026-08-22,Tees & Polos,20,B073X4WZCW,Amazon Brand - Symbol Men's Solid Cotton T Shirt | Round Neck | Half Sleeve | Plain-Regular Fit (Available in Plus Sizes),₹348.00,4.0 out of 5 stars,"19,747"
2026-08-22,Tees & Polos,21,B0GSGXJX7Y,boffi ... 100% Cotton Oversized T-Shirt Unisex Drop Shoulder Dye Washed Street Look Black Pack of 1,₹332.00,3.5 out of 5 stars,"1,811"
2026-08-22,Tees & Polos,22,B0DP7M6DRY,Lymio Polo T Shirt for Men || T Shirt for Man || Collar T Shirt Style Men (Packs Also Available) (Polo-40-43),₹429.00,3.6 out of 5 stars,925
2026-08-22,Tees & Polos,23,B07CYVRGVH,Amazon Brand - Symbol Men's Cotton Shirt | Casual | Plain | Full Sleeve | Summer - Regular Fit (Available in Plus Sizes),₹549.00,3.8 out of 5 stars,"9,036"
2026-08-22,Tees & Polos,24,B0FHDL7JY8,LEOTUDE Men's Half Sleeve Round Neck Cottonblend Graphic Print Oversized,₹298.00,3.9 out of 5 stars,"1,141"
2026-08-22,Tees & Polos,25,B0GKV18R4N,AUSK Baggy Hip-Hop T-Shirt for Men - Graphic Printed T Shirts || Oversized Men Tshirt || T-Shirts,₹298.00,3.4 out of 5 stars,310
2026-08-22,Tees & Polos,26,B0CGLLYV2D,CB-COLEBROOK Men's Regular Fit Solid Soft Touch Cotton Casual Shirt with Pocket Design with Spread Collar & Full Sleeves (Available in Plus Size),₹495.00,3.6 out of 5 stars,"4,565"
2026-08-22,Tees & Polos,27,B00W062UQO,Jockey 9930 Men Super Combed Cotton Rib Solid Round Neck Muscle Vest Regular Fit,₹359.00,4.2 out of 5 stars,"10,620"
2026-08-22,Tees & Polos,28,B0CK6LC8QR,Majestic Man Men Classic Slim Fit Pure Cotton Casual Shirt,₹499.00,3.9 out of 5 stars,"2,280"
2026-08-22,Tees & Polos,29,B0CZL9H7J5,XYXX Men's Nova 100% Combed Cotton Regular Fit Polo T-Shirt,₹629.00,3.9 out of 5 stars,748
2026-08-22,Tees & Polos,30,B0D5LZ382X,Louis Philippe Men's Cotton Slim Fit Over Dyed Color Depth Comfortable and Durable Soft Handfeel Full Sleeve Solid Casual Shirt,"₹1,259.00",3.8 out of 5 stars,923
2026-08-22,Tees & Polos,51,B0D5M32WBW,Louis Philippe Men's Regular Fit Easy to Iron Everyday wear Premium Cotton Full Sleeve Solid Formal Shirt,"₹1,448.10",4.2 out of 5 stars,579
2026-08-22,Tees & Polos,52,B0DXCYXV3L,NexaFlair Men's Shirt Regular Fit Solid Pattern Linen Cotton with Long Sleeve Collared Neck Standard Length and Button Down Closure Type | Mens Casual Shirts | Man's Formal Shirts,₹465.00,3.1 out of 5 stars,"1,082"
2026-08-22,Tees & Polos,53,B0BHW9XLBD,Peter England Men's Everday Regular Fit Solid Shirt | Cotton Rich | 5-Pin Pocketing,₹630.00,3.9 out of 5 stars,"1,954"
2026-08-22,Tees & Polos,54,B0F47TMBNT,Highlander Men Shirt,₹450.00,4.0 out of 5 stars,"1,167"
2026-08-22,Tees & Polos,55,B0B5YDSV2D,Van Heusen Solid Formal Shirt for Men| Premium Cotton| Full Sleeves| Slim Fit |Breathable Fabric,"₹1,160.10",3.9 out of 5 stars,"3,983"
2026-08-22,Tees & Polos,56,B0D357S3PV,Boldfit Tshirt for Man Regular fit Gym t Shirts for Men Workout Active wear t Shirt for Man Running Mens t-Shirts Running Tshirt for Men Workout Gym wear Mens,₹519.00,4.0 out of 5 stars,636
2026-08-22,Tees & Polos,57,B0C4PTTSL8,Sleepynuts Men's Regular Fit Round Neck Half Sleeves Solid Casual Wear T-Shirt,₹999.00,3.8 out of 5 stars,"1,635"
2026-08-22,Tees & Polos,58,B0GMXNS8GB,London Hills Men’s Loose Fit Half Sleeve Vertical Striped Polo T-Shirt with Zip Collar | Premium Polyester Fabric | T Shirt for Man | Tshirt | Shirts Men | Tshirt for Man | Men T-Shirts,₹399.00,3.8 out of 5 stars,348
2026-08-22,Tees & Polos,59,B073ZLQK9G,Amazon Brand - Symbol Men's Cotton Formal Shirt | Plain | Full Sleeve - Regular Fit (Available in Plus Sizes),₹549.00,3.8 out of 5 stars,"14,524"
2026-08-22,Tees & Polos,60,B07SK7RZBF,Amazon Brand - Symbol Men's Cotton Rich Polo T Shirt | Mandarin Collar Tshirts | Half Sleeves | Plain - Regular Fit (Available in Plus Sizes),₹399.00,4.0 out of 5 stars,"11,362"
2026-08-22,Tees & Polos,61,B0DWS7BCG8,Lymio Polo T Shirt for Men || T Shirt for Man || Collar T Shirt Style Men (Packs Also Available) (Polo-59-62),₹399.00,3.8 out of 5 stars,687
2026-08-22,Tees & Polos,62,B0H23BGB1W,Imsa Moda Men's Textured Fabric Solid Half-Open Collar T-Shirt | Full Sleeve Casual Shirt for Men | Comfortable Fall Wear,₹314.00,4.1 out of 5 stars,62
2026-08-22,Tees & Polos,63,B0B5YF27DH,Van Heusen Formal Checkered Shirt for Men| Premium Cotton| Full Sleeves| Slim Fit |Breathable Fabric,₹980.00,4.0 out of 5 stars,"2,977"
2026-08-22,Tees & Polos,64,B0BPCYCDKR,FTX Men Polyester Regular Fit T-Shirt,₹388.00,3.8 out of 5 stars,"3,094"
2026-08-22,Tees & Polos,65,B0BXLMFN4R,THE Indian Garage CO Men Polycotton Slim Fit Shirt,₹542.00,4.0 out of 5 stars,"1,888"
2026-08-22,Tees & Polos,66,B0C1HC6184,AMERICAN CREW Polo Collar T-Shirt for Men with Pocket,₹699.00,4.2 out of 5 stars,"1,125"
2026-08-22,Tees & Polos,67,B0CWP3L91R,Nobero Men's Graphic Printed Regular Fit Cotton T-Shirt (Pack of 3),₹999.00,3.9 out of 5 stars,"1,382"
2026-08-22,Tees & Polos,68,B07PMDKGS9,ONN Men's Polo,₹518.00,4.0 out of 5 stars,"3,475"
2026-08-22,Tees & Polos,69,B0CWV7716Y,Pinkmint Men's Solid Shirt | Soft Cotton Blend | Casual Shirt | Plain | Full Sleeve - Regular Fit (Available in Plus Size),₹399.00,3.5 out of 5 stars,"1,026"
2026-08-22,Tees & Polos,70,B0D5HR322C,"Louis Philippe Men's Slim Fit Signature Oxford Easy Care, Natural Stretch Full Sleeve Solid Casual Shirt, Cotton","₹1,471.00",4.1 out of 5 stars,748
2026-08-22,Tees & Polos,71,B0CBBDWJH9,XYXX Men's Super Combed Cotton Half Sleeve Round Neck T-Shirt | Crew Neck Tshirt for Men Regular Fit,₹429.00,3.8 out of 5 stars,"1,732"
2026-08-22,Tees & Polos,72,B0DBDCJDV4,Majestic Man Men Comfort Slim Fit Checked Pure Cotton Half Sleeve Casual Shirt,₹499.00,4.1 out of 5 stars,"1,083"
2026-08-22,Tees & Polos,73,B0BJ287KHQ,"U.S. Polo ASSN. Tailored Fit Formal Shirts for Men - 100% Cotton, Full Sleeve Mens Casual Shirts","₹1,563.00",4.0 out of 5 stars,"2,078"
2026-08-22,Tees & Polos,74,B0GTVPKDSD,Scott International Men's Rich Cotton Regular Fit Striper Polo T-Shirt |,₹399.00,3.6 out of 5 stars,593
2026-08-22,Tees & Polos,75,B0H752HH7J,QUTUN Men's Premium Waffle Knit Henley Tshirt for Men,₹349.00,4.5 out of 5 stars,21
2026-08-22,Tees & Polos,76,B0CVSBJ8J6,Peter England Men's Slim Fit Full Sleeve Striped Formal Shirt | Cotton Rich | Wonder Fabric | Pin Point Oxford,₹939.00,4.3 out of 5 stars,368
2026-08-22,Tees & Polos,77,B0GYJ8R15C,Scott International Men's Regular Fit T-Shirt | Men's T-Shirt | Tees for Man | Tshirt for Men Stylish | Round Neck Tshirt for Man,₹299.00,3.7 out of 5 stars,"43,354"
2026-08-22,Tees & Polos,78,B0GT14Y3GX,IndoPrimo Men's Cotton Shirt with Stylish Full Sleeves Spread Collared Neck Solid Pattern Western Style Classic Fit and Standard Length | Casual Shirt for Man,₹395.00,4.2 out of 5 stars,60
2026-08-22,Tees & Polos,79,B0DZP268MG,Amul Comfy Men’s Vest | 100% Cotton Single Jersey Fabric | U Neck Sleeveless Innerwear | Ultra Soft Hand Feel | Seamless Body | Superior Comfort Color May Vary (Pack of 3),₹214.00,4.1 out of 5 stars,493
2026-08-22,Tees & Polos,80,B0GGB88C74,IndoPrimo Men’s Striped Shirt | Premium Slim Fit Full Sleeve Formal Casual Shirt | Button-Down Cotton Shirt for Office,₹398.00,4.0 out of 5 stars,244
